-- MySQL dump 10.13  Distrib 8.0.22, for macos10.15 (x86_64)
--
-- Host: localhost    Database: itm
-- ------------------------------------------------------
-- Server version	8.0.22

/*!40101 SET @OLD_CHARACTER_SET_CLIENT=@@CHARACTER_SET_CLIENT */;
/*!40101 SET @OLD_CHARACTER_SET_RESULTS=@@CHARACTER_SET_RESULTS */;
/*!40101 SET @OLD_COLLATION_CONNECTION=@@COLLATION_CONNECTION */;
/*!50503 SET NAMES utf8mb4 */;
/*!40103 SET @OLD_TIME_ZONE=@@TIME_ZONE */;
/*!40103 SET TIME_ZONE='+00:00' */;
/*!40014 SET @OLD_UNIQUE_CHECKS=@@UNIQUE_CHECKS, UNIQUE_CHECKS=0 */;
/*!40014 SET @OLD_FOREIGN_KEY_CHECKS=@@FOREIGN_KEY_CHECKS, FOREIGN_KEY_CHECKS=0 */;
/*!40101 SET @OLD_SQL_MODE=@@SQL_MODE, SQL_MODE='NO_AUTO_VALUE_ON_ZERO' */;
/*!40111 SET @OLD_SQL_NOTES=@@SQL_NOTES, SQL_NOTES=0 */;

--
-- Table structure for table `auth_group`
--

DROP TABLE IF EXISTS `auth_group`;
/*!40101 SET @saved_cs_client     = @@character_set_client */;
/*!50503 SET character_set_client = utf8mb4 */;
CREATE TABLE `auth_group` (
  `id` int NOT NULL AUTO_INCREMENT,
  `name` varchar(150) NOT NULL,
  PRIMARY KEY (`id`),
  UNIQUE KEY `name` (`name`)
) ENGINE=InnoDB DEFAULT CHARSET=utf8;
/*!40101 SET character_set_client = @saved_cs_client */;

--
-- Dumping data for table `auth_group`
--

LOCK TABLES `auth_group` WRITE;
/*!40000 ALTER TABLE `auth_group` DISABLE KEYS */;
/*!40000 ALTER TABLE `auth_group` ENABLE KEYS */;
UNLOCK TABLES;

--
-- Table structure for table `auth_group_permissions`
--

DROP TABLE IF EXISTS `auth_group_permissions`;
/*!40101 SET @saved_cs_client     = @@character_set_client */;
/*!50503 SET character_set_client = utf8mb4 */;
CREATE TABLE `auth_group_permissions` (
  `id` bigint NOT NULL AUTO_INCREMENT,
  `group_id` int NOT NULL,
  `permission_id` int NOT NULL,
  PRIMARY KEY (`id`),
  UNIQUE KEY `auth_group_permissions_group_id_permission_id_0cd325b0_uniq` (`group_id`,`permission_id`),
  KEY `auth_group_permissio_permission_id_84c5c92e_fk_auth_perm` (`permission_id`),
  CONSTRAINT `auth_group_permissio_permission_id_84c5c92e_fk_auth_perm` FOREIGN KEY (`permission_id`) REFERENCES `auth_permission` (`id`),
  CONSTRAINT `auth_group_permissions_group_id_b120cbf9_fk_auth_group_id` FOREIGN KEY (`group_id`) REFERENCES `auth_group` (`id`)
) ENGINE=InnoDB DEFAULT CHARSET=utf8;
/*!40101 SET character_set_client = @saved_cs_client */;

--
-- Dumping data for table `auth_group_permissions`
--

LOCK TABLES `auth_group_permissions` WRITE;
/*!40000 ALTER TABLE `auth_group_permissions` DISABLE KEYS */;
/*!40000 ALTER TABLE `auth_group_permissions` ENABLE KEYS */;
UNLOCK TABLES;

--
-- Table structure for table `auth_permission`
--

DROP TABLE IF EXISTS `auth_permission`;
/*!40101 SET @saved_cs_client     = @@character_set_client */;
/*!50503 SET character_set_client = utf8mb4 */;
CREATE TABLE `auth_permission` (
  `id` int NOT NULL AUTO_INCREMENT,
  `name` varchar(255) NOT NULL,
  `content_type_id` int NOT NULL,
  `codename` varchar(100) NOT NULL,
  PRIMARY KEY (`id`),
  UNIQUE KEY `auth_permission_content_type_id_codename_01ab375a_uniq` (`content_type_id`,`codename`),
  CONSTRAINT `auth_permission_content_type_id_2f476e4b_fk_django_co` FOREIGN KEY (`content_type_id`) REFERENCES `django_content_type` (`id`)
) ENGINE=InnoDB AUTO_INCREMENT=49 DEFAULT CHARSET=utf8;
/*!40101 SET character_set_client = @saved_cs_client */;

--
-- Dumping data for table `auth_permission`
--

LOCK TABLES `auth_permission` WRITE;
/*!40000 ALTER TABLE `auth_permission` DISABLE KEYS */;
INSERT INTO `auth_permission` VALUES (1,'Can add log entry',1,'add_logentry'),(2,'Can change log entry',1,'change_logentry'),(3,'Can delete log entry',1,'delete_logentry'),(4,'Can view log entry',1,'view_logentry'),(5,'Can add permission',2,'add_permission'),(6,'Can change permission',2,'change_permission'),(7,'Can delete permission',2,'delete_permission'),(8,'Can view permission',2,'view_permission'),(9,'Can add group',3,'add_group'),(10,'Can change group',3,'change_group'),(11,'Can delete group',3,'delete_group'),(12,'Can view group',3,'view_group'),(13,'Can add user',4,'add_user'),(14,'Can change user',4,'change_user'),(15,'Can delete user',4,'delete_user'),(16,'Can view user',4,'view_user'),(17,'Can add content type',5,'add_contenttype'),(18,'Can change content type',5,'change_contenttype'),(19,'Can delete content type',5,'delete_contenttype'),(20,'Can view content type',5,'view_contenttype'),(21,'Can add session',6,'add_session'),(22,'Can change session',6,'change_session'),(23,'Can delete session',6,'delete_session'),(24,'Can view session',6,'view_session'),(25,'Can add ap info',7,'add_apinfo'),(26,'Can change ap info',7,'change_apinfo'),(27,'Can delete ap info',7,'delete_apinfo'),(28,'Can view ap info',7,'view_apinfo'),(29,'Can add system login',8,'add_systemlogin'),(30,'Can change system login',8,'change_systemlogin'),(31,'Can delete system login',8,'delete_systemlogin'),(32,'Can view system login',8,'view_systemlogin'),(33,'Can add office network info',9,'add_officenetworkinfo'),(34,'Can change office network info',9,'change_officenetworkinfo'),(35,'Can delete office network info',9,'delete_officenetworkinfo'),(36,'Can view office network info',9,'view_officenetworkinfo'),(37,'Can add smart network info',10,'add_smartnetworkinfo'),(38,'Can change smart network info',10,'change_smartnetworkinfo'),(39,'Can delete smart network info',10,'delete_smartnetworkinfo'),(40,'Can view smart network info',10,'view_smartnetworkinfo'),(41,'Can add phone list',11,'add_phonelist'),(42,'Can change phone list',11,'change_phonelist'),(43,'Can delete phone list',11,'delete_phonelist'),(44,'Can view phone list',11,'view_phonelist'),(45,'Can add WiFi 信息',12,'add_wifiinfo'),(46,'Can change WiFi 信息',12,'change_wifiinfo'),(47,'Can delete WiFi 信息',12,'delete_wifiinfo'),(48,'Can view WiFi 信息',12,'view_wifiinfo');
/*!40000 ALTER TABLE `auth_permission` ENABLE KEYS */;
UNLOCK TABLES;

--
-- Table structure for table `auth_user`
--

DROP TABLE IF EXISTS `auth_user`;
/*!40101 SET @saved_cs_client     = @@character_set_client */;
/*!50503 SET character_set_client = utf8mb4 */;
CREATE TABLE `auth_user` (
  `id` int NOT NULL AUTO_INCREMENT,
  `password` varchar(128) NOT NULL,
  `last_login` datetime(6) DEFAULT NULL,
  `is_superuser` tinyint(1) NOT NULL,
  `username` varchar(150) NOT NULL,
  `first_name` varchar(150) NOT NULL,
  `last_name` varchar(150) NOT NULL,
  `email` varchar(254) NOT NULL,
  `is_staff` tinyint(1) NOT NULL,
  `is_active` tinyint(1) NOT NULL,
  `date_joined` datetime(6) NOT NULL,
  PRIMARY KEY (`id`),
  UNIQUE KEY `username` (`username`)
) ENGINE=InnoDB AUTO_INCREMENT=3 DEFAULT CHARSET=utf8;
/*!40101 SET character_set_client = @saved_cs_client */;

--
-- Dumping data for table `auth_user`
--

LOCK TABLES `auth_user` WRITE;
/*!40000 ALTER TABLE `auth_user` DISABLE KEYS */;
INSERT INTO `auth_user` VALUES (1,'pbkdf2_sha256$720000$SO1t9Dnol7tV89BwFSrRn6$A74XCDzNIdYdHYCHKKslhlxhXcQ0gHOqu5yuYBZAv0A=','2024-10-10 03:30:02.519547',1,'zhuangwh','','','zhuangwh@feiyu.com',1,1,'2024-09-23 03:27:45.412809'),(2,'pbkdf2_sha256$720000$IIxO2LcT4EzZrlf6v943bs$pRFuzPKsOaepRwZxNJRZVCuFrrHPkj77MsFE0XhlDiA=','2024-09-25 06:25:10.561641',0,'jinjt','俊滕','金','jinjt@feiyu.com',1,1,'2024-09-25 06:19:00.000000');
/*!40000 ALTER TABLE `auth_user` ENABLE KEYS */;
UNLOCK TABLES;

--
-- Table structure for table `auth_user_groups`
--

DROP TABLE IF EXISTS `auth_user_groups`;
/*!40101 SET @saved_cs_client     = @@character_set_client */;
/*!50503 SET character_set_client = utf8mb4 */;
CREATE TABLE `auth_user_groups` (
  `id` bigint NOT NULL AUTO_INCREMENT,
  `user_id` int NOT NULL,
  `group_id` int NOT NULL,
  PRIMARY KEY (`id`),
  UNIQUE KEY `auth_user_groups_user_id_group_id_94350c0c_uniq` (`user_id`,`group_id`),
  KEY `auth_user_groups_group_id_97559544_fk_auth_group_id` (`group_id`),
  CONSTRAINT `auth_user_groups_group_id_97559544_fk_auth_group_id` FOREIGN KEY (`group_id`) REFERENCES `auth_group` (`id`),
  CONSTRAINT `auth_user_groups_user_id_6a12ed8b_fk_auth_user_id` FOREIGN KEY (`user_id`) REFERENCES `auth_user` (`id`)
) ENGINE=InnoDB DEFAULT CHARSET=utf8;
/*!40101 SET character_set_client = @saved_cs_client */;

--
-- Dumping data for table `auth_user_groups`
--

LOCK TABLES `auth_user_groups` WRITE;
/*!40000 ALTER TABLE `auth_user_groups` DISABLE KEYS */;
/*!40000 ALTER TABLE `auth_user_groups` ENABLE KEYS */;
UNLOCK TABLES;

--
-- Table structure for table `auth_user_user_permissions`
--

DROP TABLE IF EXISTS `auth_user_user_permissions`;
/*!40101 SET @saved_cs_client     = @@character_set_client */;
/*!50503 SET character_set_client = utf8mb4 */;
CREATE TABLE `auth_user_user_permissions` (
  `id` bigint NOT NULL AUTO_INCREMENT,
  `user_id` int NOT NULL,
  `permission_id` int NOT NULL,
  PRIMARY KEY (`id`),
  UNIQUE KEY `auth_user_user_permissions_user_id_permission_id_14a6b632_uniq` (`user_id`,`permission_id`),
  KEY `auth_user_user_permi_permission_id_1fbb5f2c_fk_auth_perm` (`permission_id`),
  CONSTRAINT `auth_user_user_permi_permission_id_1fbb5f2c_fk_auth_perm` FOREIGN KEY (`permission_id`) REFERENCES `auth_permission` (`id`),
  CONSTRAINT `auth_user_user_permissions_user_id_a95ead1b_fk_auth_user_id` FOREIGN KEY (`user_id`) REFERENCES `auth_user` (`id`)
) ENGINE=InnoDB AUTO_INCREMENT=17 DEFAULT CHARSET=utf8;
/*!40101 SET character_set_client = @saved_cs_client */;

--
-- Dumping data for table `auth_user_user_permissions`
--

LOCK TABLES `auth_user_user_permissions` WRITE;
/*!40000 ALTER TABLE `auth_user_user_permissions` DISABLE KEYS */;
INSERT INTO `auth_user_user_permissions` VALUES (10,2,25),(11,2,26),(12,2,27),(13,2,28),(14,2,29),(15,2,30),(16,2,31),(1,2,32),(2,2,33),(3,2,34),(4,2,35),(5,2,36),(6,2,37),(7,2,38),(8,2,39),(9,2,40);
/*!40000 ALTER TABLE `auth_user_user_permissions` ENABLE KEYS */;
UNLOCK TABLES;

--
-- Table structure for table `django_admin_log`
--

DROP TABLE IF EXISTS `django_admin_log`;
/*!40101 SET @saved_cs_client     = @@character_set_client */;
/*!50503 SET character_set_client = utf8mb4 */;
CREATE TABLE `django_admin_log` (
  `id` int NOT NULL AUTO_INCREMENT,
  `action_time` datetime(6) NOT NULL,
  `object_id` longtext,
  `object_repr` varchar(200) NOT NULL,
  `action_flag` smallint unsigned NOT NULL,
  `change_message` longtext NOT NULL,
  `content_type_id` int DEFAULT NULL,
  `user_id` int NOT NULL,
  PRIMARY KEY (`id`),
  KEY `django_admin_log_content_type_id_c4bce8eb_fk_django_co` (`content_type_id`),
  KEY `django_admin_log_user_id_c564eba6_fk_auth_user_id` (`user_id`),
  CONSTRAINT `django_admin_log_content_type_id_c4bce8eb_fk_django_co` FOREIGN KEY (`content_type_id`) REFERENCES `django_content_type` (`id`),
  CONSTRAINT `django_admin_log_user_id_c564eba6_fk_auth_user_id` FOREIGN KEY (`user_id`) REFERENCES `auth_user` (`id`),
  CONSTRAINT `django_admin_log_chk_1` CHECK ((`action_flag` >= 0))
) ENGINE=InnoDB AUTO_INCREMENT=1258 DEFAULT CHARSET=utf8;
/*!40101 SET character_set_client = @saved_cs_client */;

--
-- Dumping data for table `django_admin_log`
--

LOCK TABLES `django_admin_log` WRITE;
/*!40000 ALTER TABLE `django_admin_log` DISABLE KEYS */;
INSERT INTO `django_admin_log` VALUES (1,'2024-09-23 10:17:09.105822','1','OfficeNetworkInfo object (1)',1,'[{\"added\": {}}]',9,1),(2,'2024-09-24 02:18:20.865780','2','OfficeNetworkInfo object (2)',1,'[{\"added\": {}}]',9,1),(3,'2024-09-24 02:18:53.616222','3','OfficeNetworkInfo object (3)',1,'[{\"added\": {}}]',9,1),(4,'2024-09-24 02:19:56.383256','1','OfficeNetworkInfo object (1)',2,'[{\"changed\": {\"fields\": [\"\\u4ea4\\u6362\\u673a\\u7aef\\u53e3\"]}}]',9,1),(5,'2024-09-24 02:21:09.484579','4','OfficeNetworkInfo object (4)',1,'[{\"added\": {}}]',9,1),(6,'2024-09-24 02:23:02.120202','5','OfficeNetworkInfo object (5)',1,'[{\"added\": {}}]',9,1),(7,'2024-09-24 02:23:21.992725','6','OfficeNetworkInfo object (6)',1,'[{\"added\": {}}]',9,1),(8,'2024-09-24 02:23:42.150188','7','OfficeNetworkInfo object (7)',1,'[{\"added\": {}}]',9,1),(9,'2024-09-24 06:07:41.395567','8','OfficeNetworkInfo object (8)',1,'[{\"added\": {}}]',9,1),(10,'2024-09-24 06:07:59.713407','9','OfficeNetworkInfo object (9)',1,'[{\"added\": {}}]',9,1),(11,'2024-09-24 06:08:19.021413','10','OfficeNetworkInfo object (10)',1,'[{\"added\": {}}]',9,1),(12,'2024-09-24 06:08:37.731663','11','OfficeNetworkInfo object (11)',1,'[{\"added\": {}}]',9,1),(13,'2024-09-24 06:09:22.693349','12','OfficeNetworkInfo object (12)',1,'[{\"added\": {}}]',9,1),(14,'2024-09-24 06:09:40.544601','13','OfficeNetworkInfo object (13)',1,'[{\"added\": {}}]',9,1),(15,'2024-09-24 06:10:00.393241','14','OfficeNetworkInfo object (14)',1,'[{\"added\": {}}]',9,1),(16,'2024-09-24 06:10:17.215183','15','OfficeNetworkInfo object (15)',1,'[{\"added\": {}}]',9,1),(17,'2024-09-24 06:17:46.011852','16','OfficeNetworkInfo object (16)',1,'[{\"added\": {}}]',9,1),(18,'2024-09-24 06:18:01.913327','17','OfficeNetworkInfo object (17)',1,'[{\"added\": {}}]',9,1),(19,'2024-09-24 06:18:22.346707','18','OfficeNetworkInfo object (18)',1,'[{\"added\": {}}]',9,1),(20,'2024-09-24 06:18:37.756953','19','OfficeNetworkInfo object (19)',1,'[{\"added\": {}}]',9,1),(21,'2024-09-24 06:21:36.383576','20','OfficeNetworkInfo object (20)',1,'[{\"added\": {}}]',9,1),(22,'2024-09-24 06:21:52.760062','21','OfficeNetworkInfo object (21)',1,'[{\"added\": {}}]',9,1),(23,'2024-09-24 06:23:57.169853','22','OfficeNetworkInfo object (22)',1,'[{\"added\": {}}]',9,1),(24,'2024-09-24 06:24:13.000637','23','OfficeNetworkInfo object (23)',1,'[{\"added\": {}}]',9,1),(25,'2024-09-24 06:24:29.549691','24','OfficeNetworkInfo object (24)',1,'[{\"added\": {}}]',9,1),(26,'2024-09-24 06:24:43.588612','25','OfficeNetworkInfo object (25)',1,'[{\"added\": {}}]',9,1),(27,'2024-09-24 06:25:02.118848','26','OfficeNetworkInfo object (26)',1,'[{\"added\": {}}]',9,1),(28,'2024-09-24 06:25:19.538193','27','OfficeNetworkInfo object (27)',1,'[{\"added\": {}}]',9,1),(29,'2024-09-24 06:25:37.235008','28','OfficeNetworkInfo object (28)',1,'[{\"added\": {}}]',9,1),(30,'2024-09-24 06:25:52.660360','29','OfficeNetworkInfo object (29)',1,'[{\"added\": {}}]',9,1),(31,'2024-09-24 06:26:08.603632','30','OfficeNetworkInfo object (30)',1,'[{\"added\": {}}]',9,1),(32,'2024-09-24 06:26:25.322282','31','OfficeNetworkInfo object (31)',1,'[{\"added\": {}}]',9,1),(33,'2024-09-24 06:26:40.523658','32','OfficeNetworkInfo object (32)',1,'[{\"added\": {}}]',9,1),(34,'2024-09-24 06:26:56.487314','33','OfficeNetworkInfo object (33)',1,'[{\"added\": {}}]',9,1),(35,'2024-09-24 06:28:19.309668','34','OfficeNetworkInfo object (34)',1,'[{\"added\": {}}]',9,1),(36,'2024-09-24 06:28:29.743357','35','OfficeNetworkInfo object (35)',1,'[{\"added\": {}}]',9,1),(37,'2024-09-24 06:28:54.196844','36','OfficeNetworkInfo object (36)',1,'[{\"added\": {}}]',9,1),(38,'2024-09-24 06:34:03.793246','37','OfficeNetworkInfo object (37)',1,'[{\"added\": {}}]',9,1),(39,'2024-09-24 06:34:20.321896','38','OfficeNetworkInfo object (38)',1,'[{\"added\": {}}]',9,1),(40,'2024-09-24 06:34:36.186540','39','OfficeNetworkInfo object (39)',1,'[{\"added\": {}}]',9,1),(41,'2024-09-24 06:34:55.060304','40','OfficeNetworkInfo object (40)',1,'[{\"added\": {}}]',9,1),(42,'2024-09-24 06:35:09.102680','41','OfficeNetworkInfo object (41)',1,'[{\"added\": {}}]',9,1),(43,'2024-09-24 06:35:23.620551','42','OfficeNetworkInfo object (42)',1,'[{\"added\": {}}]',9,1),(44,'2024-09-24 06:35:42.675106','43','OfficeNetworkInfo object (43)',1,'[{\"added\": {}}]',9,1),(45,'2024-09-24 06:36:01.883076','44','OfficeNetworkInfo object (44)',1,'[{\"added\": {}}]',9,1),(46,'2024-09-24 06:36:28.637901','45','OfficeNetworkInfo object (45)',1,'[{\"added\": {}}]',9,1),(47,'2024-09-24 06:37:16.340727','46','OfficeNetworkInfo object (46)',1,'[{\"added\": {}}]',9,1),(48,'2024-09-24 06:37:32.209110','47','OfficeNetworkInfo object (47)',1,'[{\"added\": {}}]',9,1),(49,'2024-09-24 06:37:49.076859','48','OfficeNetworkInfo object (48)',1,'[{\"added\": {}}]',9,1),(50,'2024-09-24 06:38:05.240771','49','OfficeNetworkInfo object (49)',1,'[{\"added\": {}}]',9,1),(51,'2024-09-24 06:38:56.721347','50','OfficeNetworkInfo object (50)',1,'[{\"added\": {}}]',9,1),(52,'2024-09-24 06:39:12.366248','51','OfficeNetworkInfo object (51)',1,'[{\"added\": {}}]',9,1),(53,'2024-09-24 06:39:29.071501','52','OfficeNetworkInfo object (52)',1,'[{\"added\": {}}]',9,1),(54,'2024-09-24 06:39:53.111261','53','OfficeNetworkInfo object (53)',1,'[{\"added\": {}}]',9,1),(55,'2024-09-24 06:45:07.635539','1','SmartNetworkInfo object (1)',1,'[{\"added\": {}}]',10,1),(56,'2024-09-24 06:45:27.984055','2','SmartNetworkInfo object (2)',1,'[{\"added\": {}}]',10,1),(57,'2024-09-24 06:45:45.729624','3','SmartNetworkInfo object (3)',1,'[{\"added\": {}}]',10,1),(58,'2024-09-24 06:46:00.786975','4','SmartNetworkInfo object (4)',1,'[{\"added\": {}}]',10,1),(59,'2024-09-24 06:47:46.854622','5','SmartNetworkInfo object (5)',1,'[{\"added\": {}}]',10,1),(60,'2024-09-24 06:48:01.872685','6','SmartNetworkInfo object (6)',1,'[{\"added\": {}}]',10,1),(61,'2024-09-24 06:48:24.096438','7','SmartNetworkInfo object (7)',1,'[{\"added\": {}}]',10,1),(62,'2024-09-24 06:49:02.619655','8','SmartNetworkInfo object (8)',1,'[{\"added\": {}}]',10,1),(63,'2024-09-24 06:49:21.703592','9','SmartNetworkInfo object (9)',1,'[{\"added\": {}}]',10,1),(64,'2024-09-24 06:49:38.879941','10','SmartNetworkInfo object (10)',1,'[{\"added\": {}}]',10,1),(65,'2024-09-24 06:49:54.123872','11','SmartNetworkInfo object (11)',1,'[{\"added\": {}}]',10,1),(66,'2024-09-24 06:50:07.931971','12','SmartNetworkInfo object (12)',1,'[{\"added\": {}}]',10,1),(67,'2024-09-24 06:50:22.490356','13','SmartNetworkInfo object (13)',1,'[{\"added\": {}}]',10,1),(68,'2024-09-24 06:50:37.098613','14','SmartNetworkInfo object (14)',1,'[{\"added\": {}}]',10,1),(69,'2024-09-24 07:20:08.158530','54','OfficeNetworkInfo object (54)',1,'[{\"added\": {}}]',9,1),(70,'2024-09-24 07:20:30.538022','55','OfficeNetworkInfo object (55)',1,'[{\"added\": {}}]',9,1),(71,'2024-09-24 07:20:47.066416','56','OfficeNetworkInfo object (56)',1,'[{\"added\": {}}]',9,1),(72,'2024-09-24 07:21:08.732780','57','OfficeNetworkInfo object (57)',1,'[{\"added\": {}}]',9,1),(73,'2024-09-24 07:21:28.766569','58','OfficeNetworkInfo object (58)',1,'[{\"added\": {}}]',9,1),(74,'2024-09-24 07:21:45.365346','59','OfficeNetworkInfo object (59)',1,'[{\"added\": {}}]',9,1),(75,'2024-09-24 07:22:05.485742','60','OfficeNetworkInfo object (60)',1,'[{\"added\": {}}]',9,1),(76,'2024-09-24 07:22:25.013667','61','OfficeNetworkInfo object (61)',1,'[{\"added\": {}}]',9,1),(77,'2024-09-24 07:22:42.155887','62','OfficeNetworkInfo object (62)',1,'[{\"added\": {}}]',9,1),(78,'2024-09-24 07:23:13.798738','63','OfficeNetworkInfo object (63)',1,'[{\"added\": {}}]',9,1),(79,'2024-09-24 08:51:39.023598','64','OfficeNetworkInfo object (64)',1,'[{\"added\": {}}]',9,1),(80,'2024-09-24 08:51:55.188282','65','OfficeNetworkInfo object (65)',1,'[{\"added\": {}}]',9,1),(81,'2024-09-24 08:52:11.922775','66','OfficeNetworkInfo object (66)',1,'[{\"added\": {}}]',9,1),(82,'2024-09-24 08:52:33.974957','67','OfficeNetworkInfo object (67)',1,'[{\"added\": {}}]',9,1),(83,'2024-09-24 08:52:49.003331','68','OfficeNetworkInfo object (68)',1,'[{\"added\": {}}]',9,1),(84,'2024-09-24 08:53:08.675837','69','OfficeNetworkInfo object (69)',1,'[{\"added\": {}}]',9,1),(85,'2024-09-24 08:53:25.757804','70','OfficeNetworkInfo object (70)',1,'[{\"added\": {}}]',9,1),(86,'2024-09-24 08:53:40.152281','71','OfficeNetworkInfo object (71)',1,'[{\"added\": {}}]',9,1),(87,'2024-09-24 08:53:57.709952','72','OfficeNetworkInfo object (72)',1,'[{\"added\": {}}]',9,1),(88,'2024-09-24 08:54:11.445346','73','OfficeNetworkInfo object (73)',1,'[{\"added\": {}}]',9,1),(89,'2024-09-24 08:54:36.028705','74','OfficeNetworkInfo object (74)',1,'[{\"added\": {}}]',9,1),(90,'2024-09-24 08:54:50.093685','75','OfficeNetworkInfo object (75)',1,'[{\"added\": {}}]',9,1),(91,'2024-09-24 08:55:04.145572','76','OfficeNetworkInfo object (76)',1,'[{\"added\": {}}]',9,1),(92,'2024-09-24 08:55:18.156856','77','OfficeNetworkInfo object (77)',1,'[{\"added\": {}}]',9,1),(93,'2024-09-24 08:55:33.278814','78','OfficeNetworkInfo object (78)',1,'[{\"added\": {}}]',9,1),(94,'2024-09-24 09:00:44.654353','79','OfficeNetworkInfo object (79)',1,'[{\"added\": {}}]',9,1),(95,'2024-09-24 09:00:58.785284','80','OfficeNetworkInfo object (80)',1,'[{\"added\": {}}]',9,1),(96,'2024-09-24 09:01:22.355120','81','OfficeNetworkInfo object (81)',1,'[{\"added\": {}}]',9,1),(97,'2024-09-24 09:01:40.578680','82','OfficeNetworkInfo object (82)',1,'[{\"added\": {}}]',9,1),(98,'2024-09-24 09:01:54.636273','83','OfficeNetworkInfo object (83)',1,'[{\"added\": {}}]',9,1),(99,'2024-09-24 09:02:08.770227','84','OfficeNetworkInfo object (84)',1,'[{\"added\": {}}]',9,1),(100,'2024-09-24 09:02:26.737855','85','OfficeNetworkInfo object (85)',1,'[{\"added\": {}}]',9,1),(101,'2024-09-24 09:02:41.460449','86','OfficeNetworkInfo object (86)',1,'[{\"added\": {}}]',9,1),(102,'2024-09-24 09:02:56.302167','87','OfficeNetworkInfo object (87)',1,'[{\"added\": {}}]',9,1),(103,'2024-09-24 09:03:10.414442','88','OfficeNetworkInfo object (88)',1,'[{\"added\": {}}]',9,1),(104,'2024-09-24 09:03:22.889733','89','OfficeNetworkInfo object (89)',1,'[{\"added\": {}}]',9,1),(105,'2024-09-24 09:03:41.172950','90','OfficeNetworkInfo object (90)',1,'[{\"added\": {}}]',9,1),(106,'2024-09-24 09:03:55.993685','91','OfficeNetworkInfo object (91)',1,'[{\"added\": {}}]',9,1),(107,'2024-09-24 09:04:09.908539','92','OfficeNetworkInfo object (92)',1,'[{\"added\": {}}]',9,1),(108,'2024-09-24 09:04:25.219394','93','OfficeNetworkInfo object (93)',1,'[{\"added\": {}}]',9,1),(109,'2024-09-24 09:04:39.043868','94','OfficeNetworkInfo object (94)',1,'[{\"added\": {}}]',9,1),(110,'2024-09-24 09:04:54.573642','95','OfficeNetworkInfo object (95)',1,'[{\"added\": {}}]',9,1),(111,'2024-09-24 09:05:07.128292','96','OfficeNetworkInfo object (96)',1,'[{\"added\": {}}]',9,1),(112,'2024-09-24 09:05:21.181867','97','OfficeNetworkInfo object (97)',1,'[{\"added\": {}}]',9,1),(113,'2024-09-24 09:05:35.510087','98','OfficeNetworkInfo object (98)',1,'[{\"added\": {}}]',9,1),(114,'2024-09-24 09:05:54.682171','99','OfficeNetworkInfo object (99)',1,'[{\"added\": {}}]',9,1),(115,'2024-09-24 09:06:10.064026','100','OfficeNetworkInfo object (100)',1,'[{\"added\": {}}]',9,1),(116,'2024-09-24 09:06:24.833131','101','OfficeNetworkInfo object (101)',1,'[{\"added\": {}}]',9,1),(117,'2024-09-24 09:07:11.214390','102','OfficeNetworkInfo object (102)',1,'[{\"added\": {}}]',9,1),(118,'2024-09-25 02:25:41.394517','103','OfficeNetworkInfo object (103)',1,'[{\"added\": {}}]',9,1),(119,'2024-09-25 02:25:58.277218','104','OfficeNetworkInfo object (104)',1,'[{\"added\": {}}]',9,1),(120,'2024-09-25 02:26:11.075669','105','OfficeNetworkInfo object (105)',1,'[{\"added\": {}}]',9,1),(121,'2024-09-25 02:26:24.497938','106','OfficeNetworkInfo object (106)',1,'[{\"added\": {}}]',9,1),(122,'2024-09-25 02:26:39.956565','107','OfficeNetworkInfo object (107)',1,'[{\"added\": {}}]',9,1),(123,'2024-09-25 02:26:54.152056','108','OfficeNetworkInfo object (108)',1,'[{\"added\": {}}]',9,1),(124,'2024-09-25 02:27:08.740926','109','OfficeNetworkInfo object (109)',1,'[{\"added\": {}}]',9,1),(125,'2024-09-25 02:27:26.586951','110','OfficeNetworkInfo object (110)',1,'[{\"added\": {}}]',9,1),(126,'2024-09-25 02:27:44.362963','111','OfficeNetworkInfo object (111)',1,'[{\"added\": {}}]',9,1),(127,'2024-09-25 02:27:58.685913','112','OfficeNetworkInfo object (112)',1,'[{\"added\": {}}]',9,1),(128,'2024-09-25 02:28:11.879111','113','OfficeNetworkInfo object (113)',1,'[{\"added\": {}}]',9,1),(129,'2024-09-25 02:28:27.056926','114','OfficeNetworkInfo object (114)',1,'[{\"added\": {}}]',9,1),(130,'2024-09-25 02:28:39.123172','115','OfficeNetworkInfo object (115)',1,'[{\"added\": {}}]',9,1),(131,'2024-09-25 02:28:51.926483','116','OfficeNetworkInfo object (116)',1,'[{\"added\": {}}]',9,1),(132,'2024-09-25 02:29:07.109197','117','OfficeNetworkInfo object (117)',1,'[{\"added\": {}}]',9,1),(133,'2024-09-25 02:29:21.765312','118','OfficeNetworkInfo object (118)',1,'[{\"added\": {}}]',9,1),(134,'2024-09-25 02:29:37.452792','119','OfficeNetworkInfo object (119)',1,'[{\"added\": {}}]',9,1),(135,'2024-09-25 02:29:54.166002','120','OfficeNetworkInfo object (120)',1,'[{\"added\": {}}]',9,1),(136,'2024-09-25 02:30:25.081727','121','OfficeNetworkInfo object (121)',1,'[{\"added\": {}}]',9,1),(137,'2024-09-25 02:30:40.594421','122','OfficeNetworkInfo object (122)',1,'[{\"added\": {}}]',9,1),(138,'2024-09-25 02:30:52.981888','123','OfficeNetworkInfo object (123)',1,'[{\"added\": {}}]',9,1),(139,'2024-09-25 02:31:06.716608','124','OfficeNetworkInfo object (124)',1,'[{\"added\": {}}]',9,1),(140,'2024-09-25 02:31:17.376827','125','OfficeNetworkInfo object (125)',1,'[{\"added\": {}}]',9,1),(141,'2024-09-25 02:31:34.285940','126','OfficeNetworkInfo object (126)',1,'[{\"added\": {}}]',9,1),(142,'2024-09-25 02:31:56.159440','127','OfficeNetworkInfo object (127)',1,'[{\"added\": {}}]',9,1),(143,'2024-09-25 02:32:05.875770','128','OfficeNetworkInfo object (128)',1,'[{\"added\": {}}]',9,1),(144,'2024-09-25 02:32:15.923092','129','OfficeNetworkInfo object (129)',1,'[{\"added\": {}}]',9,1),(145,'2024-09-25 02:32:27.141688','130','OfficeNetworkInfo object (130)',1,'[{\"added\": {}}]',9,1),(146,'2024-09-25 02:32:41.592439','131','OfficeNetworkInfo object (131)',1,'[{\"added\": {}}]',9,1),(147,'2024-09-25 02:33:13.586244','132','OfficeNetworkInfo object (132)',1,'[{\"added\": {}}]',9,1),(148,'2024-09-25 02:33:22.782282','133','OfficeNetworkInfo object (133)',1,'[{\"added\": {}}]',9,1),(149,'2024-09-25 02:33:32.337233','134','OfficeNetworkInfo object (134)',1,'[{\"added\": {}}]',9,1),(150,'2024-09-25 02:33:45.019836','135','OfficeNetworkInfo object (135)',1,'[{\"added\": {}}]',9,1),(151,'2024-09-25 02:33:56.697830','136','OfficeNetworkInfo object (136)',1,'[{\"added\": {}}]',9,1),(152,'2024-09-25 02:34:08.933936','137','OfficeNetworkInfo object (137)',1,'[{\"added\": {}}]',9,1),(153,'2024-09-25 02:35:39.735519','138','OfficeNetworkInfo object (138)',1,'[{\"added\": {}}]',9,1),(154,'2024-09-25 02:35:51.624549','139','OfficeNetworkInfo object (139)',1,'[{\"added\": {}}]',9,1),(155,'2024-09-25 02:36:04.577936','140','OfficeNetworkInfo object (140)',1,'[{\"added\": {}}]',9,1),(156,'2024-09-25 02:36:17.316071','141','OfficeNetworkInfo object (141)',1,'[{\"added\": {}}]',9,1),(157,'2024-09-25 02:38:07.787753','142','OfficeNetworkInfo object (142)',1,'[{\"added\": {}}]',9,1),(158,'2024-09-25 02:38:38.456375','143','OfficeNetworkInfo object (143)',1,'[{\"added\": {}}]',9,1),(159,'2024-09-25 02:38:56.206212','144','OfficeNetworkInfo object (144)',1,'[{\"added\": {}}]',9,1),(160,'2024-09-25 02:39:19.215195','145','OfficeNetworkInfo object (145)',1,'[{\"added\": {}}]',9,1),(161,'2024-09-25 02:42:58.578451','146','OfficeNetworkInfo object (146)',1,'[{\"added\": {}}]',9,1),(162,'2024-09-25 02:49:44.371998','147','OfficeNetworkInfo object (147)',1,'[{\"added\": {}}]',9,1),(163,'2024-09-25 02:55:24.235014','148','OfficeNetworkInfo object (148)',1,'[{\"added\": {}}]',9,1),(164,'2024-09-25 03:02:45.679633','149','OfficeNetworkInfo object (149)',1,'[{\"added\": {}}]',9,1),(165,'2024-09-25 03:04:05.698488','150','OfficeNetworkInfo object (150)',1,'[{\"added\": {}}]',9,1),(166,'2024-09-25 03:09:20.839037','151','OfficeNetworkInfo object (151)',1,'[{\"added\": {}}]',9,1),(167,'2024-09-25 03:16:51.481881','152','OfficeNetworkInfo object (152)',1,'[{\"added\": {}}]',9,1),(168,'2024-09-25 03:17:07.937927','153','OfficeNetworkInfo object (153)',1,'[{\"added\": {}}]',9,1),(169,'2024-09-25 03:17:25.595421','154','OfficeNetworkInfo object (154)',1,'[{\"added\": {}}]',9,1),(170,'2024-09-25 03:17:35.682649','155','OfficeNetworkInfo object (155)',1,'[{\"added\": {}}]',9,1),(171,'2024-09-25 03:18:19.815336','156','OfficeNetworkInfo object (156)',1,'[{\"added\": {}}]',9,1),(172,'2024-09-25 03:18:32.999815','157','OfficeNetworkInfo object (157)',1,'[{\"added\": {}}]',9,1),(173,'2024-09-25 03:18:45.498241','158','OfficeNetworkInfo object (158)',1,'[{\"added\": {}}]',9,1),(174,'2024-09-25 03:18:55.113169','159','OfficeNetworkInfo object (159)',1,'[{\"added\": {}}]',9,1),(175,'2024-09-25 03:19:05.026010','160','OfficeNetworkInfo object (160)',1,'[{\"added\": {}}]',9,1),(176,'2024-09-25 03:19:16.606351','161','OfficeNetworkInfo object (161)',1,'[{\"added\": {}}]',9,1),(177,'2024-09-25 03:19:29.600264','162','OfficeNetworkInfo object (162)',1,'[{\"added\": {}}]',9,1),(178,'2024-09-25 03:19:54.209318','163','OfficeNetworkInfo object (163)',1,'[{\"added\": {}}]',9,1),(179,'2024-09-25 03:20:05.464852','164','OfficeNetworkInfo object (164)',1,'[{\"added\": {}}]',9,1),(180,'2024-09-25 03:20:20.271686','165','OfficeNetworkInfo object (165)',1,'[{\"added\": {}}]',9,1),(181,'2024-09-25 03:20:37.146499','166','OfficeNetworkInfo object (166)',1,'[{\"added\": {}}]',9,1),(182,'2024-09-25 03:21:12.003124','167','OfficeNetworkInfo object (167)',1,'[{\"added\": {}}]',9,1),(183,'2024-09-25 03:21:21.318021','168','OfficeNetworkInfo object (168)',1,'[{\"added\": {}}]',9,1),(184,'2024-09-25 03:21:36.505637','169','OfficeNetworkInfo object (169)',1,'[{\"added\": {}}]',9,1),(185,'2024-09-25 03:22:05.323267','169','OfficeNetworkInfo object (169)',2,'[{\"changed\": {\"fields\": [\"\\u5de5\\u4f4d\\u7aef\\u53e3\\u7f16\\u53f7\"]}}]',9,1),(186,'2024-09-25 03:22:32.233152','170','OfficeNetworkInfo object (170)',1,'[{\"added\": {}}]',9,1),(187,'2024-09-25 03:22:43.243468','171','OfficeNetworkInfo object (171)',1,'[{\"added\": {}}]',9,1),(188,'2024-09-25 03:22:58.922710','172','OfficeNetworkInfo object (172)',1,'[{\"added\": {}}]',9,1),(189,'2024-09-25 03:23:12.023197','173','OfficeNetworkInfo object (173)',1,'[{\"added\": {}}]',9,1),(190,'2024-09-25 03:23:25.392893','174','OfficeNetworkInfo object (174)',1,'[{\"added\": {}}]',9,1),(191,'2024-09-25 03:23:43.172568','175','OfficeNetworkInfo object (175)',1,'[{\"added\": {}}]',9,1),(192,'2024-09-25 03:23:58.215213','176','OfficeNetworkInfo object (176)',1,'[{\"added\": {}}]',9,1),(193,'2024-09-25 03:24:08.199268','177','OfficeNetworkInfo object (177)',1,'[{\"added\": {}}]',9,1),(194,'2024-09-25 03:30:41.323501','178','OfficeNetworkInfo object (178)',1,'[{\"added\": {}}]',9,1),(195,'2024-09-25 03:31:24.028935','179','OfficeNetworkInfo object (179)',1,'[{\"added\": {}}]',9,1),(196,'2024-09-25 03:31:37.342393','180','OfficeNetworkInfo object (180)',1,'[{\"added\": {}}]',9,1),(197,'2024-09-25 03:31:50.066710','181','OfficeNetworkInfo object (181)',1,'[{\"added\": {}}]',9,1),(198,'2024-09-25 03:32:03.599224','182','OfficeNetworkInfo object (182)',1,'[{\"added\": {}}]',9,1),(199,'2024-09-25 03:32:14.734515','183','OfficeNetworkInfo object (183)',1,'[{\"added\": {}}]',9,1),(200,'2024-09-25 03:32:29.912951','184','OfficeNetworkInfo object (184)',1,'[{\"added\": {}}]',9,1),(201,'2024-09-25 03:32:44.036168','185','OfficeNetworkInfo object (185)',1,'[{\"added\": {}}]',9,1),(202,'2024-09-25 03:32:56.747755','186','OfficeNetworkInfo object (186)',1,'[{\"added\": {}}]',9,1),(203,'2024-09-25 03:33:07.212391','187','OfficeNetworkInfo object (187)',1,'[{\"added\": {}}]',9,1),(204,'2024-09-25 03:33:21.574789','188','OfficeNetworkInfo object (188)',1,'[{\"added\": {}}]',9,1),(205,'2024-09-25 03:33:39.754217','189','OfficeNetworkInfo object (189)',1,'[{\"added\": {}}]',9,1),(206,'2024-09-25 03:33:48.107495','190','OfficeNetworkInfo object (190)',1,'[{\"added\": {}}]',9,1),(207,'2024-09-25 03:33:56.358195','191','OfficeNetworkInfo object (191)',1,'[{\"added\": {}}]',9,1),(208,'2024-09-25 03:34:03.621437','192','OfficeNetworkInfo object (192)',1,'[{\"added\": {}}]',9,1),(209,'2024-09-25 03:34:11.956506','193','OfficeNetworkInfo object (193)',1,'[{\"added\": {}}]',9,1),(210,'2024-09-25 03:34:28.822846','194','OfficeNetworkInfo object (194)',1,'[{\"added\": {}}]',9,1),(211,'2024-09-25 03:34:42.202289','195','OfficeNetworkInfo object (195)',1,'[{\"added\": {}}]',9,1),(212,'2024-09-25 03:34:59.862307','196','OfficeNetworkInfo object (196)',1,'[{\"added\": {}}]',9,1),(213,'2024-09-25 03:35:09.618988','197','OfficeNetworkInfo object (197)',1,'[{\"added\": {}}]',9,1),(214,'2024-09-25 03:35:20.851396','198','OfficeNetworkInfo object (198)',1,'[{\"added\": {}}]',9,1),(215,'2024-09-25 03:35:31.195508','199','OfficeNetworkInfo object (199)',1,'[{\"added\": {}}]',9,1),(216,'2024-09-25 03:35:49.503031','200','OfficeNetworkInfo object (200)',1,'[{\"added\": {}}]',9,1),(217,'2024-09-25 03:35:59.434779','201','OfficeNetworkInfo object (201)',1,'[{\"added\": {}}]',9,1),(218,'2024-09-25 03:36:09.527447','202','OfficeNetworkInfo object (202)',1,'[{\"added\": {}}]',9,1),(219,'2024-09-25 03:36:19.948775','203','OfficeNetworkInfo object (203)',1,'[{\"added\": {}}]',9,1),(220,'2024-09-25 03:36:38.837653','204','OfficeNetworkInfo object (204)',1,'[{\"added\": {}}]',9,1),(221,'2024-09-25 03:36:53.139432','205','OfficeNetworkInfo object (205)',1,'[{\"added\": {}}]',9,1),(222,'2024-09-25 03:37:04.069073','206','OfficeNetworkInfo object (206)',1,'[{\"added\": {}}]',9,1),(223,'2024-09-25 03:37:27.020800','207','OfficeNetworkInfo object (207)',1,'[{\"added\": {}}]',9,1),(224,'2024-09-25 03:37:38.136958','208','OfficeNetworkInfo object (208)',1,'[{\"added\": {}}]',9,1),(225,'2024-09-25 03:37:50.675345','209','OfficeNetworkInfo object (209)',1,'[{\"added\": {}}]',9,1),(226,'2024-09-25 03:38:16.120439','210','OfficeNetworkInfo object (210)',1,'[{\"added\": {}}]',9,1),(227,'2024-09-25 03:38:27.803308','211','OfficeNetworkInfo object (211)',1,'[{\"added\": {}}]',9,1),(228,'2024-09-25 03:38:37.707880','212','OfficeNetworkInfo object (212)',1,'[{\"added\": {}}]',9,1),(229,'2024-09-25 03:38:47.650839','213','OfficeNetworkInfo object (213)',1,'[{\"added\": {}}]',9,1),(230,'2024-09-25 03:40:12.531475','214','OfficeNetworkInfo object (214)',1,'[{\"added\": {}}]',9,1),(231,'2024-09-25 03:40:31.841337','215','OfficeNetworkInfo object (215)',1,'[{\"added\": {}}]',9,1),(232,'2024-09-25 03:40:47.527492','216','OfficeNetworkInfo object (216)',1,'[{\"added\": {}}]',9,1),(233,'2024-09-25 03:41:01.429352','217','OfficeNetworkInfo object (217)',1,'[{\"added\": {}}]',9,1),(234,'2024-09-25 03:41:15.048446','218','OfficeNetworkInfo object (218)',1,'[{\"added\": {}}]',9,1),(235,'2024-09-25 03:41:31.338975','219','OfficeNetworkInfo object (219)',1,'[{\"added\": {}}]',9,1),(236,'2024-09-25 03:41:43.007543','220','OfficeNetworkInfo object (220)',1,'[{\"added\": {}}]',9,1),(237,'2024-09-25 03:41:59.070010','221','OfficeNetworkInfo object (221)',1,'[{\"added\": {}}]',9,1),(238,'2024-09-25 03:42:22.958093','222','OfficeNetworkInfo object (222)',1,'[{\"added\": {}}]',9,1),(239,'2024-09-25 03:42:34.475110','223','OfficeNetworkInfo object (223)',1,'[{\"added\": {}}]',9,1),(240,'2024-09-25 03:42:44.976098','224','OfficeNetworkInfo object (224)',1,'[{\"added\": {}}]',9,1),(241,'2024-09-25 03:43:00.080322','225','OfficeNetworkInfo object (225)',1,'[{\"added\": {}}]',9,1),(242,'2024-09-25 03:43:10.508988','226','OfficeNetworkInfo object (226)',1,'[{\"added\": {}}]',9,1),(243,'2024-09-25 03:43:19.170995','227','OfficeNetworkInfo object (227)',1,'[{\"added\": {}}]',9,1),(244,'2024-09-25 03:43:28.582969','228','OfficeNetworkInfo object (228)',1,'[{\"added\": {}}]',9,1),(245,'2024-09-25 03:43:39.086200','229','OfficeNetworkInfo object (229)',1,'[{\"added\": {}}]',9,1),(246,'2024-09-25 03:43:50.003787','230','OfficeNetworkInfo object (230)',1,'[{\"added\": {}}]',9,1),(247,'2024-09-25 03:44:02.465281','231','OfficeNetworkInfo object (231)',1,'[{\"added\": {}}]',9,1),(248,'2024-09-25 03:44:18.003884','232','OfficeNetworkInfo object (232)',1,'[{\"added\": {}}]',9,1),(249,'2024-09-25 03:44:31.198475','233','OfficeNetworkInfo object (233)',1,'[{\"added\": {}}]',9,1),(250,'2024-09-25 03:44:42.149150','234','OfficeNetworkInfo object (234)',1,'[{\"added\": {}}]',9,1),(251,'2024-09-25 03:45:04.034793','235','OfficeNetworkInfo object (235)',1,'[{\"added\": {}}]',9,1),(252,'2024-09-25 03:45:15.848527','236','OfficeNetworkInfo object (236)',1,'[{\"added\": {}}]',9,1),(253,'2024-09-25 05:50:02.275486','237','OfficeNetworkInfo object (237)',1,'[{\"added\": {}}]',9,1),(254,'2024-09-25 05:50:13.117765','238','OfficeNetworkInfo object (238)',1,'[{\"added\": {}}]',9,1),(255,'2024-09-25 05:50:25.162514','239','OfficeNetworkInfo object (239)',1,'[{\"added\": {}}]',9,1),(256,'2024-09-25 05:50:39.474674','240','OfficeNetworkInfo object (240)',1,'[{\"added\": {}}]',9,1),(257,'2024-09-25 05:50:59.069046','241','OfficeNetworkInfo object (241)',1,'[{\"added\": {}}]',9,1),(258,'2024-09-25 05:51:11.609412','242','OfficeNetworkInfo object (242)',1,'[{\"added\": {}}]',9,1),(259,'2024-09-25 05:51:23.752347','243','OfficeNetworkInfo object (243)',1,'[{\"added\": {}}]',9,1),(260,'2024-09-25 05:51:40.096724','244','OfficeNetworkInfo object (244)',1,'[{\"added\": {}}]',9,1),(261,'2024-09-25 05:51:51.350102','245','OfficeNetworkInfo object (245)',1,'[{\"added\": {}}]',9,1),(262,'2024-09-25 05:52:04.016148','246','OfficeNetworkInfo object (246)',1,'[{\"added\": {}}]',9,1),(263,'2024-09-25 05:52:16.639773','247','OfficeNetworkInfo object (247)',1,'[{\"added\": {}}]',9,1),(264,'2024-09-25 05:52:36.510338','248','OfficeNetworkInfo object (248)',1,'[{\"added\": {}}]',9,1),(265,'2024-09-25 05:52:50.666152','249','OfficeNetworkInfo object (249)',1,'[{\"added\": {}}]',9,1),(266,'2024-09-25 05:55:47.780068','250','OfficeNetworkInfo object (250)',1,'[{\"added\": {}}]',9,1),(267,'2024-09-25 05:56:02.478385','251','OfficeNetworkInfo object (251)',1,'[{\"added\": {}}]',9,1),(268,'2024-09-25 05:56:21.446287','252','OfficeNetworkInfo object (252)',1,'[{\"added\": {}}]',9,1),(269,'2024-09-25 05:56:33.921371','253','OfficeNetworkInfo object (253)',1,'[{\"added\": {}}]',9,1),(270,'2024-09-25 05:57:01.441039','254','OfficeNetworkInfo object (254)',1,'[{\"added\": {}}]',9,1),(271,'2024-09-25 05:57:14.937095','255','OfficeNetworkInfo object (255)',1,'[{\"added\": {}}]',9,1),(272,'2024-09-25 05:57:30.471041','256','OfficeNetworkInfo object (256)',1,'[{\"added\": {}}]',9,1),(273,'2024-09-25 05:57:42.506362','257','OfficeNetworkInfo object (257)',1,'[{\"added\": {}}]',9,1),(274,'2024-09-25 05:57:57.455815','258','OfficeNetworkInfo object (258)',1,'[{\"added\": {}}]',9,1),(275,'2024-09-25 05:58:10.068344','259','OfficeNetworkInfo object (259)',1,'[{\"added\": {}}]',9,1),(276,'2024-09-25 05:58:26.484755','260','OfficeNetworkInfo object (260)',1,'[{\"added\": {}}]',9,1),(277,'2024-09-25 05:58:35.998749','261','OfficeNetworkInfo object (261)',1,'[{\"added\": {}}]',9,1),(278,'2024-09-25 05:58:46.322086','262','OfficeNetworkInfo object (262)',1,'[{\"added\": {}}]',9,1),(279,'2024-09-25 05:58:55.682341','263','OfficeNetworkInfo object (263)',1,'[{\"added\": {}}]',9,1),(280,'2024-09-25 05:59:07.450254','264','OfficeNetworkInfo object (264)',1,'[{\"added\": {}}]',9,1),(281,'2024-09-25 05:59:16.767639','265','OfficeNetworkInfo object (265)',1,'[{\"added\": {}}]',9,1),(282,'2024-09-25 05:59:27.902187','266','OfficeNetworkInfo object (266)',1,'[{\"added\": {}}]',9,1),(283,'2024-09-25 05:59:40.156382','267','OfficeNetworkInfo object (267)',1,'[{\"added\": {}}]',9,1),(284,'2024-09-25 05:59:51.715284','268','OfficeNetworkInfo object (268)',1,'[{\"added\": {}}]',9,1),(285,'2024-09-25 06:00:02.890871','269','OfficeNetworkInfo object (269)',1,'[{\"added\": {}}]',9,1),(286,'2024-09-25 06:00:22.648928','270','OfficeNetworkInfo object (270)',1,'[{\"added\": {}}]',9,1),(287,'2024-09-25 06:00:34.109199','271','OfficeNetworkInfo object (271)',1,'[{\"added\": {}}]',9,1),(288,'2024-09-25 06:00:45.481997','272','OfficeNetworkInfo object (272)',1,'[{\"added\": {}}]',9,1),(289,'2024-09-25 06:01:00.200457','273','OfficeNetworkInfo object (273)',1,'[{\"added\": {}}]',9,1),(290,'2024-09-25 06:01:11.459714','274','OfficeNetworkInfo object (274)',1,'[{\"added\": {}}]',9,1),(291,'2024-09-25 06:01:23.665297','275','OfficeNetworkInfo object (275)',1,'[{\"added\": {}}]',9,1),(292,'2024-09-25 06:01:36.139035','276','OfficeNetworkInfo object (276)',1,'[{\"added\": {}}]',9,1),(293,'2024-09-25 06:01:47.331409','277','OfficeNetworkInfo object (277)',1,'[{\"added\": {}}]',9,1),(294,'2024-09-25 06:02:06.290903','278','OfficeNetworkInfo object (278)',1,'[{\"added\": {}}]',9,1),(295,'2024-09-25 06:02:18.291864','279','OfficeNetworkInfo object (279)',1,'[{\"added\": {}}]',9,1),(296,'2024-09-25 06:02:34.517566','280','OfficeNetworkInfo object (280)',1,'[{\"added\": {}}]',9,1),(297,'2024-09-25 06:02:47.118630','281','OfficeNetworkInfo object (281)',1,'[{\"added\": {}}]',9,1),(298,'2024-09-25 06:02:58.102217','282','OfficeNetworkInfo object (282)',1,'[{\"added\": {}}]',9,1),(299,'2024-09-25 06:03:08.025704','283','OfficeNetworkInfo object (283)',1,'[{\"added\": {}}]',9,1),(300,'2024-09-25 06:03:18.085606','284','OfficeNetworkInfo object (284)',1,'[{\"added\": {}}]',9,1),(301,'2024-09-25 06:03:28.699852','285','OfficeNetworkInfo object (285)',1,'[{\"added\": {}}]',9,1),(302,'2024-09-25 06:03:39.843820','286','OfficeNetworkInfo object (286)',1,'[{\"added\": {}}]',9,1),(303,'2024-09-25 06:03:57.759083','287','OfficeNetworkInfo object (287)',1,'[{\"added\": {}}]',9,1),(304,'2024-09-25 06:04:08.394695','288','OfficeNetworkInfo object (288)',1,'[{\"added\": {}}]',9,1),(305,'2024-09-25 06:04:22.765786','289','OfficeNetworkInfo object (289)',1,'[{\"added\": {}}]',9,1),(306,'2024-09-25 06:04:47.931102','290','OfficeNetworkInfo object (290)',1,'[{\"added\": {}}]',9,1),(307,'2024-09-25 06:04:59.450878','291','OfficeNetworkInfo object (291)',1,'[{\"added\": {}}]',9,1),(308,'2024-09-25 06:05:13.548634','292','OfficeNetworkInfo object (292)',1,'[{\"added\": {}}]',9,1),(309,'2024-09-25 06:05:24.014081','293','OfficeNetworkInfo object (293)',1,'[{\"added\": {}}]',9,1),(310,'2024-09-25 06:05:40.017980','294','OfficeNetworkInfo object (294)',1,'[{\"added\": {}}]',9,1),(311,'2024-09-25 06:05:55.823821','295','OfficeNetworkInfo object (295)',1,'[{\"added\": {}}]',9,1),(312,'2024-09-25 06:06:08.421737','296','OfficeNetworkInfo object (296)',1,'[{\"added\": {}}]',9,1),(313,'2024-09-25 06:06:25.548933','297','OfficeNetworkInfo object (297)',1,'[{\"added\": {}}]',9,1),(314,'2024-09-25 06:17:30.157183','8','SystemLogin object (8)',2,'[{\"changed\": {\"fields\": [\"\\u5e73\\u53f0\\u540d\\u79f0\"]}}]',8,1),(315,'2024-09-25 06:18:10.128802','8','SystemLogin object (8)',2,'[{\"changed\": {\"fields\": [\"\\u7ba1\\u7406\\u5730\\u5740\"]}}]',8,1),(316,'2024-09-25 06:19:09.052192','2','jinjt',1,'[{\"added\": {}}]',4,1),(317,'2024-09-25 06:20:51.202239','2','jinjt',2,'[{\"changed\": {\"fields\": [\"First name\", \"Last name\", \"Email address\", \"User permissions\"]}}]',4,1),(318,'2024-09-25 06:25:02.690639','2','jinjt',2,'[{\"changed\": {\"fields\": [\"Staff status\"]}}]',4,1),(319,'2024-09-25 06:27:04.369701','298','OfficeNetworkInfo object (298)',1,'[{\"added\": {}}]',9,1),(320,'2024-09-25 06:27:27.576120','299','OfficeNetworkInfo object (299)',1,'[{\"added\": {}}]',9,1),(321,'2024-09-25 06:27:39.486700','300','OfficeNetworkInfo object (300)',1,'[{\"added\": {}}]',9,1),(322,'2024-09-25 06:27:53.394381','301','OfficeNetworkInfo object (301)',1,'[{\"added\": {}}]',9,1),(323,'2024-09-25 06:28:05.283330','302','OfficeNetworkInfo object (302)',1,'[{\"added\": {}}]',9,1),(324,'2024-09-25 06:28:18.933929','303','OfficeNetworkInfo object (303)',1,'[{\"added\": {}}]',9,1),(325,'2024-09-25 06:28:32.967200','304','OfficeNetworkInfo object (304)',1,'[{\"added\": {}}]',9,1),(326,'2024-09-25 06:28:48.019445','305','OfficeNetworkInfo object (305)',1,'[{\"added\": {}}]',9,1),(327,'2024-09-25 06:29:00.196966','306','OfficeNetworkInfo object (306)',1,'[{\"added\": {}}]',9,1),(328,'2024-09-25 06:29:13.088357','307','OfficeNetworkInfo object (307)',1,'[{\"added\": {}}]',9,1),(329,'2024-09-25 06:29:24.063698','308','OfficeNetworkInfo object (308)',1,'[{\"added\": {}}]',9,1),(330,'2024-09-25 06:29:32.520107','309','OfficeNetworkInfo object (309)',1,'[{\"added\": {}}]',9,1),(331,'2024-09-25 06:29:42.962733','310','OfficeNetworkInfo object (310)',1,'[{\"added\": {}}]',9,1),(332,'2024-09-25 06:29:53.300299','311','OfficeNetworkInfo object (311)',1,'[{\"added\": {}}]',9,1),(333,'2024-09-25 06:30:04.157585','312','OfficeNetworkInfo object (312)',1,'[{\"added\": {}}]',9,1),(334,'2024-09-25 06:30:15.571080','313','OfficeNetworkInfo object (313)',1,'[{\"added\": {}}]',9,1),(335,'2024-09-25 07:35:16.718893','314','OfficeNetworkInfo object (314)',1,'[{\"added\": {}}]',9,1),(336,'2024-09-25 07:35:27.123998','315','OfficeNetworkInfo object (315)',1,'[{\"added\": {}}]',9,1),(337,'2024-09-25 07:35:39.725860','316','OfficeNetworkInfo object (316)',1,'[{\"added\": {}}]',9,1),(338,'2024-09-25 07:35:54.025229','317','OfficeNetworkInfo object (317)',1,'[{\"added\": {}}]',9,1),(339,'2024-09-25 07:36:06.545928','318','OfficeNetworkInfo object (318)',1,'[{\"added\": {}}]',9,1),(340,'2024-09-25 07:36:18.085266','319','OfficeNetworkInfo object (319)',1,'[{\"added\": {}}]',9,1),(341,'2024-09-25 07:36:28.990875','320','OfficeNetworkInfo object (320)',1,'[{\"added\": {}}]',9,1),(342,'2024-09-25 07:36:40.597621','321','OfficeNetworkInfo object (321)',1,'[{\"added\": {}}]',9,1),(343,'2024-09-25 07:36:51.332567','322','OfficeNetworkInfo object (322)',1,'[{\"added\": {}}]',9,1),(344,'2024-09-25 07:37:02.545896','323','OfficeNetworkInfo object (323)',1,'[{\"added\": {}}]',9,1),(345,'2024-09-25 07:37:13.546636','324','OfficeNetworkInfo object (324)',1,'[{\"added\": {}}]',9,1),(346,'2024-09-25 07:37:24.604669','325','OfficeNetworkInfo object (325)',1,'[{\"added\": {}}]',9,1),(347,'2024-09-25 07:37:38.440945','326','OfficeNetworkInfo object (326)',1,'[{\"added\": {}}]',9,1),(348,'2024-09-25 07:37:52.195539','327','OfficeNetworkInfo object (327)',1,'[{\"added\": {}}]',9,1),(349,'2024-09-25 07:38:17.408058','328','OfficeNetworkInfo object (328)',1,'[{\"added\": {}}]',9,1),(350,'2024-09-25 07:38:28.315727','329','OfficeNetworkInfo object (329)',1,'[{\"added\": {}}]',9,1),(351,'2024-09-25 07:38:39.283632','330','OfficeNetworkInfo object (330)',1,'[{\"added\": {}}]',9,1),(352,'2024-09-25 07:38:50.133210','331','OfficeNetworkInfo object (331)',1,'[{\"added\": {}}]',9,1),(353,'2024-09-25 07:39:00.762638','332','OfficeNetworkInfo object (332)',1,'[{\"added\": {}}]',9,1),(354,'2024-09-25 07:39:13.612689','333','OfficeNetworkInfo object (333)',1,'[{\"added\": {}}]',9,1),(355,'2024-09-25 07:39:25.499314','334','OfficeNetworkInfo object (334)',1,'[{\"added\": {}}]',9,1),(356,'2024-09-25 07:39:41.101114','335','OfficeNetworkInfo object (335)',1,'[{\"added\": {}}]',9,1),(357,'2024-09-25 07:39:52.457438','336','OfficeNetworkInfo object (336)',1,'[{\"added\": {}}]',9,1),(358,'2024-09-25 07:40:04.207189','337','OfficeNetworkInfo object (337)',1,'[{\"added\": {}}]',9,1),(359,'2024-09-25 07:40:16.819294','338','OfficeNetworkInfo object (338)',1,'[{\"added\": {}}]',9,1),(360,'2024-09-25 07:40:27.400637','339','OfficeNetworkInfo object (339)',1,'[{\"added\": {}}]',9,1),(361,'2024-09-25 07:40:38.015502','340','OfficeNetworkInfo object (340)',1,'[{\"added\": {}}]',9,1),(362,'2024-09-25 07:40:47.878564','341','OfficeNetworkInfo object (341)',1,'[{\"added\": {}}]',9,1),(363,'2024-09-25 07:41:01.273952','342','OfficeNetworkInfo object (342)',1,'[{\"added\": {}}]',9,1),(364,'2024-09-25 07:41:12.745847','343','OfficeNetworkInfo object (343)',1,'[{\"added\": {}}]',9,1),(365,'2024-09-25 07:41:27.722630','344','OfficeNetworkInfo object (344)',1,'[{\"added\": {}}]',9,1),(366,'2024-09-25 07:41:40.188598','345','OfficeNetworkInfo object (345)',1,'[{\"added\": {}}]',9,1),(367,'2024-09-25 07:42:36.287740','346','OfficeNetworkInfo object (346)',1,'[{\"added\": {}}]',9,1),(368,'2024-09-25 08:29:54.593813','347','OfficeNetworkInfo object (347)',1,'[{\"added\": {}}]',9,1),(369,'2024-09-25 08:30:12.939480','348','OfficeNetworkInfo object (348)',1,'[{\"added\": {}}]',9,1),(370,'2024-09-25 08:30:29.218647','349','OfficeNetworkInfo object (349)',1,'[{\"added\": {}}]',9,1),(371,'2024-09-25 08:30:40.898186','350','OfficeNetworkInfo object (350)',1,'[{\"added\": {}}]',9,1),(372,'2024-09-25 08:30:53.470558','351','OfficeNetworkInfo object (351)',1,'[{\"added\": {}}]',9,1),(373,'2024-09-25 08:31:10.510245','352','OfficeNetworkInfo object (352)',1,'[{\"added\": {}}]',9,1),(374,'2024-09-25 08:31:21.554417','353','OfficeNetworkInfo object (353)',1,'[{\"added\": {}}]',9,1),(375,'2024-09-25 08:31:33.310369','354','OfficeNetworkInfo object (354)',1,'[{\"added\": {}}]',9,1),(376,'2024-09-25 08:31:44.640746','355','OfficeNetworkInfo object (355)',1,'[{\"added\": {}}]',9,1),(377,'2024-09-25 08:31:54.394802','356','OfficeNetworkInfo object (356)',1,'[{\"added\": {}}]',9,1),(378,'2024-09-25 08:32:05.655545','356','OfficeNetworkInfo object (356)',2,'[{\"changed\": {\"fields\": [\"\\u4f4d\\u7f6e\"]}}]',9,1),(379,'2024-09-25 08:32:15.280363','357','OfficeNetworkInfo object (357)',1,'[{\"added\": {}}]',9,1),(380,'2024-09-25 08:32:24.706956','358','OfficeNetworkInfo object (358)',1,'[{\"added\": {}}]',9,1),(381,'2024-09-25 08:32:34.968341','359','OfficeNetworkInfo object (359)',1,'[{\"added\": {}}]',9,1),(382,'2024-09-25 08:33:08.962056','360','OfficeNetworkInfo object (360)',1,'[{\"added\": {}}]',9,1),(383,'2024-09-25 08:33:17.827428','361','OfficeNetworkInfo object (361)',1,'[{\"added\": {}}]',9,1),(384,'2024-09-25 08:33:38.696940','362','OfficeNetworkInfo object (362)',1,'[{\"added\": {}}]',9,1),(385,'2024-09-25 08:33:49.065302','363','OfficeNetworkInfo object (363)',1,'[{\"added\": {}}]',9,1),(386,'2024-09-25 08:34:05.137504','364','OfficeNetworkInfo object (364)',1,'[{\"added\": {}}]',9,1),(387,'2024-09-25 08:34:23.360056','365','OfficeNetworkInfo object (365)',1,'[{\"added\": {}}]',9,1),(388,'2024-09-25 08:34:37.763675','366','OfficeNetworkInfo object (366)',1,'[{\"added\": {}}]',9,1),(389,'2024-09-25 08:34:51.613717','367','OfficeNetworkInfo object (367)',1,'[{\"added\": {}}]',9,1),(390,'2024-09-25 08:35:05.338763','368','OfficeNetworkInfo object (368)',1,'[{\"added\": {}}]',9,1),(391,'2024-09-25 08:35:17.862384','369','OfficeNetworkInfo object (369)',1,'[{\"added\": {}}]',9,1),(392,'2024-09-25 08:36:31.173881','370','OfficeNetworkInfo object (370)',1,'[{\"added\": {}}]',9,1),(393,'2024-09-25 08:37:01.589594','371','OfficeNetworkInfo object (371)',1,'[{\"added\": {}}]',9,1),(394,'2024-09-25 08:37:14.468417','372','OfficeNetworkInfo object (372)',1,'[{\"added\": {}}]',9,1),(395,'2024-09-25 08:37:27.482518','373','OfficeNetworkInfo object (373)',1,'[{\"added\": {}}]',9,1),(396,'2024-09-25 08:37:45.037719','374','OfficeNetworkInfo object (374)',1,'[{\"added\": {}}]',9,1),(397,'2024-09-25 08:37:58.082923','375','OfficeNetworkInfo object (375)',1,'[{\"added\": {}}]',9,1),(398,'2024-09-25 08:38:10.383492','376','OfficeNetworkInfo object (376)',1,'[{\"added\": {}}]',9,1),(399,'2024-09-25 08:38:27.917539','377','OfficeNetworkInfo object (377)',1,'[{\"added\": {}}]',9,1),(400,'2024-09-25 08:38:46.921635','378','OfficeNetworkInfo object (378)',1,'[{\"added\": {}}]',9,1),(401,'2024-09-25 08:39:06.182136','379','OfficeNetworkInfo object (379)',1,'[{\"added\": {}}]',9,1),(402,'2024-09-25 08:39:18.802667','380','OfficeNetworkInfo object (380)',1,'[{\"added\": {}}]',9,1),(403,'2024-09-25 08:39:30.345138','381','OfficeNetworkInfo object (381)',1,'[{\"added\": {}}]',9,1),(404,'2024-09-25 08:39:43.343079','382','OfficeNetworkInfo object (382)',1,'[{\"added\": {}}]',9,1),(405,'2024-09-25 08:40:03.579089','383','OfficeNetworkInfo object (383)',1,'[{\"added\": {}}]',9,1),(406,'2024-09-25 08:40:16.757632','384','OfficeNetworkInfo object (384)',1,'[{\"added\": {}}]',9,1),(407,'2024-09-25 08:40:32.423038','385','OfficeNetworkInfo object (385)',1,'[{\"added\": {}}]',9,1),(408,'2024-09-25 08:40:44.421420','386','OfficeNetworkInfo object (386)',1,'[{\"added\": {}}]',9,1),(409,'2024-09-25 08:40:57.595455','387','OfficeNetworkInfo object (387)',1,'[{\"added\": {}}]',9,1),(410,'2024-09-25 08:41:21.587830','388','OfficeNetworkInfo object (388)',1,'[{\"added\": {}}]',9,1),(411,'2024-09-25 08:41:45.166605','389','OfficeNetworkInfo object (389)',1,'[{\"added\": {}}]',9,1),(412,'2024-09-25 08:42:02.521583','390','OfficeNetworkInfo object (390)',1,'[{\"added\": {}}]',9,1),(413,'2024-09-25 08:42:18.169682','391','OfficeNetworkInfo object (391)',1,'[{\"added\": {}}]',9,1),(414,'2024-09-25 08:42:37.894758','392','OfficeNetworkInfo object (392)',1,'[{\"added\": {}}]',9,1),(415,'2024-09-25 08:42:56.034422','393','OfficeNetworkInfo object (393)',1,'[{\"added\": {}}]',9,1),(416,'2024-09-25 08:44:19.400077','394','OfficeNetworkInfo object (394)',1,'[{\"added\": {}}]',9,1),(417,'2024-09-25 08:44:37.649978','395','OfficeNetworkInfo object (395)',1,'[{\"added\": {}}]',9,1),(418,'2024-09-25 08:44:56.775166','396','OfficeNetworkInfo object (396)',1,'[{\"added\": {}}]',9,1),(419,'2024-09-25 08:45:14.304049','397','OfficeNetworkInfo object (397)',1,'[{\"added\": {}}]',9,1),(420,'2024-09-25 08:47:51.142600','398','OfficeNetworkInfo object (398)',1,'[{\"added\": {}}]',9,1),(421,'2024-09-25 08:48:21.341217','399','OfficeNetworkInfo object (399)',1,'[{\"added\": {}}]',9,1),(422,'2024-09-25 08:48:41.254318','400','OfficeNetworkInfo object (400)',1,'[{\"added\": {}}]',9,1),(423,'2024-09-25 08:48:56.916270','401','OfficeNetworkInfo object (401)',1,'[{\"added\": {}}]',9,1),(424,'2024-09-25 09:01:44.039374','402','OfficeNetworkInfo object (402)',1,'[{\"added\": {}}]',9,1),(425,'2024-09-25 09:05:06.945840','403','OfficeNetworkInfo object (403)',1,'[{\"added\": {}}]',9,1),(426,'2024-09-25 09:05:20.696796','404','OfficeNetworkInfo object (404)',1,'[{\"added\": {}}]',9,1),(427,'2024-09-25 09:05:35.586430','405','OfficeNetworkInfo object (405)',1,'[{\"added\": {}}]',9,1),(428,'2024-09-25 09:05:54.627744','406','OfficeNetworkInfo object (406)',1,'[{\"added\": {}}]',9,1),(429,'2024-09-25 09:06:07.582838','407','OfficeNetworkInfo object (407)',1,'[{\"added\": {}}]',9,1),(430,'2024-09-26 01:48:43.979558','408','OfficeNetworkInfo object (408)',1,'[{\"added\": {}}]',9,1),(431,'2024-09-26 01:49:01.775337','409','OfficeNetworkInfo object (409)',1,'[{\"added\": {}}]',9,1),(432,'2024-09-26 01:49:15.727556','410','OfficeNetworkInfo object (410)',1,'[{\"added\": {}}]',9,1),(433,'2024-09-26 01:49:26.833861','411','OfficeNetworkInfo object (411)',1,'[{\"added\": {}}]',9,1),(434,'2024-09-26 01:49:38.075263','412','OfficeNetworkInfo object (412)',1,'[{\"added\": {}}]',9,1),(435,'2024-09-26 01:49:50.913859','413','OfficeNetworkInfo object (413)',1,'[{\"added\": {}}]',9,1),(436,'2024-09-26 01:50:17.563881','414','OfficeNetworkInfo object (414)',1,'[{\"added\": {}}]',9,1),(437,'2024-09-26 01:50:32.488163','415','OfficeNetworkInfo object (415)',1,'[{\"added\": {}}]',9,1),(438,'2024-09-26 01:50:47.678266','416','OfficeNetworkInfo object (416)',1,'[{\"added\": {}}]',9,1),(439,'2024-09-26 01:51:01.155524','417','OfficeNetworkInfo object (417)',1,'[{\"added\": {}}]',9,1),(440,'2024-09-26 01:51:13.695558','418','OfficeNetworkInfo object (418)',1,'[{\"added\": {}}]',9,1),(441,'2024-09-26 01:51:28.295857','419','OfficeNetworkInfo object (419)',1,'[{\"added\": {}}]',9,1),(442,'2024-09-26 01:51:54.433063','420','OfficeNetworkInfo object (420)',1,'[{\"added\": {}}]',9,1),(443,'2024-09-26 01:52:05.994470','421','OfficeNetworkInfo object (421)',1,'[{\"added\": {}}]',9,1),(444,'2024-09-26 01:52:19.640925','422','OfficeNetworkInfo object (422)',1,'[{\"added\": {}}]',9,1),(445,'2024-09-26 01:52:32.299965','423','OfficeNetworkInfo object (423)',1,'[{\"added\": {}}]',9,1),(446,'2024-09-26 01:52:44.785154','424','OfficeNetworkInfo object (424)',1,'[{\"added\": {}}]',9,1),(447,'2024-09-26 01:53:00.285691','425','OfficeNetworkInfo object (425)',1,'[{\"added\": {}}]',9,1),(448,'2024-09-26 01:53:13.752465','426','OfficeNetworkInfo object (426)',1,'[{\"added\": {}}]',9,1),(449,'2024-09-26 01:53:28.363408','427','OfficeNetworkInfo object (427)',1,'[{\"added\": {}}]',9,1),(450,'2024-09-26 01:53:41.290033','428','OfficeNetworkInfo object (428)',1,'[{\"added\": {}}]',9,1),(451,'2024-09-26 01:53:53.493558','429','OfficeNetworkInfo object (429)',1,'[{\"added\": {}}]',9,1),(452,'2024-09-26 01:54:27.284000','430','OfficeNetworkInfo object (430)',1,'[{\"added\": {}}]',9,1),(453,'2024-09-26 01:54:39.484753','431','OfficeNetworkInfo object (431)',1,'[{\"added\": {}}]',9,1),(454,'2024-09-26 01:54:49.485301','432','OfficeNetworkInfo object (432)',1,'[{\"added\": {}}]',9,1),(455,'2024-09-26 01:55:03.802251','433','OfficeNetworkInfo object (433)',1,'[{\"added\": {}}]',9,1),(456,'2024-09-26 01:55:19.156317','434','OfficeNetworkInfo object (434)',1,'[{\"added\": {}}]',9,1),(457,'2024-09-26 01:55:30.563964','435','OfficeNetworkInfo object (435)',1,'[{\"added\": {}}]',9,1),(458,'2024-09-26 01:55:49.402623','436','OfficeNetworkInfo object (436)',1,'[{\"added\": {}}]',9,1),(459,'2024-09-26 01:56:03.259521','437','OfficeNetworkInfo object (437)',1,'[{\"added\": {}}]',9,1),(460,'2024-09-26 01:56:18.826884','438','OfficeNetworkInfo object (438)',1,'[{\"added\": {}}]',9,1),(461,'2024-09-26 01:56:32.281240','439','OfficeNetworkInfo object (439)',1,'[{\"added\": {}}]',9,1),(462,'2024-09-26 01:56:44.729000','440','OfficeNetworkInfo object (440)',1,'[{\"added\": {}}]',9,1),(463,'2024-09-26 01:56:55.925841','441','OfficeNetworkInfo object (441)',1,'[{\"added\": {}}]',9,1),(464,'2024-09-26 01:57:14.886511','442','OfficeNetworkInfo object (442)',1,'[{\"added\": {}}]',9,1),(465,'2024-09-26 01:57:26.069290','443','OfficeNetworkInfo object (443)',1,'[{\"added\": {}}]',9,1),(466,'2024-09-26 01:57:41.490100','444','OfficeNetworkInfo object (444)',1,'[{\"added\": {}}]',9,1),(467,'2024-09-26 01:57:59.047191','445','OfficeNetworkInfo object (445)',1,'[{\"added\": {}}]',9,1),(468,'2024-09-26 01:59:53.525975','446','OfficeNetworkInfo object (446)',1,'[{\"added\": {}}]',9,1),(469,'2024-09-26 02:00:18.299585','447','OfficeNetworkInfo object (447)',1,'[{\"added\": {}}]',9,1),(470,'2024-09-26 02:00:38.301211','448','OfficeNetworkInfo object (448)',1,'[{\"added\": {}}]',9,1),(471,'2024-09-26 02:00:55.734279','449','OfficeNetworkInfo object (449)',1,'[{\"added\": {}}]',9,1),(472,'2024-09-26 02:01:14.570476','450','OfficeNetworkInfo object (450)',1,'[{\"added\": {}}]',9,1),(473,'2024-09-26 02:01:32.250123','451','OfficeNetworkInfo object (451)',1,'[{\"added\": {}}]',9,1),(474,'2024-09-26 02:01:59.142489','452','OfficeNetworkInfo object (452)',1,'[{\"added\": {}}]',9,1),(475,'2024-09-26 02:02:14.561442','453','OfficeNetworkInfo object (453)',1,'[{\"added\": {}}]',9,1),(476,'2024-09-26 02:02:29.916126','454','OfficeNetworkInfo object (454)',1,'[{\"added\": {}}]',9,1),(477,'2024-09-26 02:02:46.309406','455','OfficeNetworkInfo object (455)',1,'[{\"added\": {}}]',9,1),(478,'2024-09-26 02:02:58.394632','456','OfficeNetworkInfo object (456)',1,'[{\"added\": {}}]',9,1),(479,'2024-09-26 02:03:16.404386','457','OfficeNetworkInfo object (457)',1,'[{\"added\": {}}]',9,1),(480,'2024-09-26 02:04:20.818219','458','OfficeNetworkInfo object (458)',1,'[{\"added\": {}}]',9,1),(481,'2024-09-26 02:04:39.072544','459','OfficeNetworkInfo object (459)',1,'[{\"added\": {}}]',9,1),(482,'2024-09-26 02:04:51.732397','460','OfficeNetworkInfo object (460)',1,'[{\"added\": {}}]',9,1),(483,'2024-09-26 02:05:08.337176','461','OfficeNetworkInfo object (461)',1,'[{\"added\": {}}]',9,1),(484,'2024-09-26 02:05:26.326151','462','OfficeNetworkInfo object (462)',1,'[{\"added\": {}}]',9,1),(485,'2024-09-26 02:05:48.617852','463','OfficeNetworkInfo object (463)',1,'[{\"added\": {}}]',9,1),(486,'2024-09-26 02:06:02.524376','464','OfficeNetworkInfo object (464)',1,'[{\"added\": {}}]',9,1),(487,'2024-09-26 02:06:18.040383','465','OfficeNetworkInfo object (465)',1,'[{\"added\": {}}]',9,1),(488,'2024-09-26 02:07:05.464882','466','OfficeNetworkInfo object (466)',1,'[{\"added\": {}}]',9,1),(489,'2024-09-26 02:07:20.304211','467','OfficeNetworkInfo object (467)',1,'[{\"added\": {}}]',9,1),(490,'2024-09-26 02:07:39.196597','468','OfficeNetworkInfo object (468)',1,'[{\"added\": {}}]',9,1),(491,'2024-09-26 02:07:54.326725','469','OfficeNetworkInfo object (469)',1,'[{\"added\": {}}]',9,1),(492,'2024-09-26 02:08:09.269784','470','OfficeNetworkInfo object (470)',1,'[{\"added\": {}}]',9,1),(493,'2024-09-26 02:08:22.914738','471','OfficeNetworkInfo object (471)',1,'[{\"added\": {}}]',9,1),(494,'2024-09-26 02:08:38.097787','472','OfficeNetworkInfo object (472)',1,'[{\"added\": {}}]',9,1),(495,'2024-09-26 02:08:54.795988','473','OfficeNetworkInfo object (473)',1,'[{\"added\": {}}]',9,1),(496,'2024-09-26 02:09:10.625594','474','OfficeNetworkInfo object (474)',1,'[{\"added\": {}}]',9,1),(497,'2024-09-26 02:09:23.829695','475','OfficeNetworkInfo object (475)',1,'[{\"added\": {}}]',9,1),(498,'2024-09-26 02:16:33.893672','476','OfficeNetworkInfo object (476)',1,'[{\"added\": {}}]',9,1),(499,'2024-09-26 02:16:52.001375','477','OfficeNetworkInfo object (477)',1,'[{\"added\": {}}]',9,1),(500,'2024-09-26 02:17:17.809036','478','OfficeNetworkInfo object (478)',1,'[{\"added\": {}}]',9,1),(501,'2024-09-26 02:17:32.466809','479','OfficeNetworkInfo object (479)',1,'[{\"added\": {}}]',9,1),(502,'2024-09-26 02:17:47.239657','480','OfficeNetworkInfo object (480)',1,'[{\"added\": {}}]',9,1),(503,'2024-09-26 02:18:00.887157','481','OfficeNetworkInfo object (481)',1,'[{\"added\": {}}]',9,1),(504,'2024-09-26 02:18:17.152894','482','OfficeNetworkInfo object (482)',1,'[{\"added\": {}}]',9,1),(505,'2024-09-26 02:18:50.147529','483','OfficeNetworkInfo object (483)',1,'[{\"added\": {}}]',9,1),(506,'2024-09-26 02:19:04.588952','484','OfficeNetworkInfo object (484)',1,'[{\"added\": {}}]',9,1),(507,'2024-09-26 02:19:16.140750','485','OfficeNetworkInfo object (485)',1,'[{\"added\": {}}]',9,1),(508,'2024-09-26 02:19:27.656693','486','OfficeNetworkInfo object (486)',1,'[{\"added\": {}}]',9,1),(509,'2024-09-26 02:19:40.058115','487','OfficeNetworkInfo object (487)',1,'[{\"added\": {}}]',9,1),(510,'2024-09-26 02:19:53.134719','488','OfficeNetworkInfo object (488)',1,'[{\"added\": {}}]',9,1),(511,'2024-09-26 02:20:04.783799','489','OfficeNetworkInfo object (489)',1,'[{\"added\": {}}]',9,1),(512,'2024-09-26 02:20:15.003907','490','OfficeNetworkInfo object (490)',1,'[{\"added\": {}}]',9,1),(513,'2024-09-26 02:20:26.445923','491','OfficeNetworkInfo object (491)',1,'[{\"added\": {}}]',9,1),(514,'2024-09-26 02:20:37.587066','492','OfficeNetworkInfo object (492)',1,'[{\"added\": {}}]',9,1),(515,'2024-09-26 02:20:48.603677','493','OfficeNetworkInfo object (493)',1,'[{\"added\": {}}]',9,1),(516,'2024-09-26 02:31:58.636215','494','OfficeNetworkInfo object (494)',1,'[{\"added\": {}}]',9,1),(517,'2024-09-26 02:32:09.502804','495','OfficeNetworkInfo object (495)',1,'[{\"added\": {}}]',9,1),(518,'2024-09-26 02:32:32.946740','496','OfficeNetworkInfo object (496)',1,'[{\"added\": {}}]',9,1),(519,'2024-09-26 02:32:42.230367','497','OfficeNetworkInfo object (497)',1,'[{\"added\": {}}]',9,1),(520,'2024-09-26 02:32:53.778067','498','OfficeNetworkInfo object (498)',1,'[{\"added\": {}}]',9,1),(521,'2024-09-26 02:33:09.228813','499','OfficeNetworkInfo object (499)',1,'[{\"added\": {}}]',9,1),(522,'2024-09-26 02:33:20.455684','500','OfficeNetworkInfo object (500)',1,'[{\"added\": {}}]',9,1),(523,'2024-09-26 02:33:32.400478','501','OfficeNetworkInfo object (501)',1,'[{\"added\": {}}]',9,1),(524,'2024-09-26 02:33:46.319300','502','OfficeNetworkInfo object (502)',1,'[{\"added\": {}}]',9,1),(525,'2024-09-26 02:34:02.005108','503','OfficeNetworkInfo object (503)',1,'[{\"added\": {}}]',9,1),(526,'2024-09-26 02:34:16.001517','504','OfficeNetworkInfo object (504)',1,'[{\"added\": {}}]',9,1),(527,'2024-09-26 02:34:25.311993','505','OfficeNetworkInfo object (505)',1,'[{\"added\": {}}]',9,1),(528,'2024-09-26 02:34:33.735197','506','OfficeNetworkInfo object (506)',1,'[{\"added\": {}}]',9,1),(529,'2024-09-26 02:34:42.301794','507','OfficeNetworkInfo object (507)',1,'[{\"added\": {}}]',9,1),(530,'2024-09-26 02:34:52.120360','508','OfficeNetworkInfo object (508)',1,'[{\"added\": {}}]',9,1),(531,'2024-09-26 02:35:02.276407','509','OfficeNetworkInfo object (509)',1,'[{\"added\": {}}]',9,1),(532,'2024-09-26 02:35:11.205422','510','OfficeNetworkInfo object (510)',1,'[{\"added\": {}}]',9,1),(533,'2024-09-26 02:35:19.795369','511','OfficeNetworkInfo object (511)',1,'[{\"added\": {}}]',9,1),(534,'2024-09-26 02:35:29.705893','512','OfficeNetworkInfo object (512)',1,'[{\"added\": {}}]',9,1),(535,'2024-09-26 02:35:47.678125','513','OfficeNetworkInfo object (513)',1,'[{\"added\": {}}]',9,1),(536,'2024-09-26 02:35:59.791231','514','OfficeNetworkInfo object (514)',1,'[{\"added\": {}}]',9,1),(537,'2024-09-26 02:36:10.553023','515','OfficeNetworkInfo object (515)',1,'[{\"added\": {}}]',9,1),(538,'2024-09-26 02:36:18.387485','516','OfficeNetworkInfo object (516)',1,'[{\"added\": {}}]',9,1),(539,'2024-09-26 02:36:26.956834','517','OfficeNetworkInfo object (517)',1,'[{\"added\": {}}]',9,1),(540,'2024-09-26 02:36:53.493535','518','OfficeNetworkInfo object (518)',1,'[{\"added\": {}}]',9,1),(541,'2024-09-26 02:37:01.739517','519','OfficeNetworkInfo object (519)',1,'[{\"added\": {}}]',9,1),(542,'2024-09-26 02:37:11.161400','520','OfficeNetworkInfo object (520)',1,'[{\"added\": {}}]',9,1),(543,'2024-09-26 02:37:20.361189','521','OfficeNetworkInfo object (521)',1,'[{\"added\": {}}]',9,1),(544,'2024-09-26 02:37:29.317792','522','OfficeNetworkInfo object (522)',1,'[{\"added\": {}}]',9,1),(545,'2024-09-26 02:37:41.836146','523','OfficeNetworkInfo object (523)',1,'[{\"added\": {}}]',9,1),(546,'2024-09-26 02:38:03.088469','524','OfficeNetworkInfo object (524)',1,'[{\"added\": {}}]',9,1),(547,'2024-09-26 02:44:21.212847','525','OfficeNetworkInfo object (525)',1,'[{\"added\": {}}]',9,1),(548,'2024-09-26 02:44:31.088917','526','OfficeNetworkInfo object (526)',1,'[{\"added\": {}}]',9,1),(549,'2024-09-26 02:44:47.380173','527','OfficeNetworkInfo object (527)',1,'[{\"added\": {}}]',9,1),(550,'2024-09-26 02:44:56.293802','528','OfficeNetworkInfo object (528)',1,'[{\"added\": {}}]',9,1),(551,'2024-09-26 02:45:06.467555','529','OfficeNetworkInfo object (529)',1,'[{\"added\": {}}]',9,1),(552,'2024-09-26 02:45:15.201899','530','OfficeNetworkInfo object (530)',1,'[{\"added\": {}}]',9,1),(553,'2024-09-26 02:45:24.964524','531','OfficeNetworkInfo object (531)',1,'[{\"added\": {}}]',9,1),(554,'2024-09-26 02:45:35.227890','532','OfficeNetworkInfo object (532)',1,'[{\"added\": {}}]',9,1),(555,'2024-09-26 02:45:48.167454','533','OfficeNetworkInfo object (533)',1,'[{\"added\": {}}]',9,1),(556,'2024-09-26 02:45:59.478805','534','OfficeNetworkInfo object (534)',1,'[{\"added\": {}}]',9,1),(557,'2024-09-26 02:46:10.330921','535','OfficeNetworkInfo object (535)',1,'[{\"added\": {}}]',9,1),(558,'2024-09-26 02:46:19.578601','536','OfficeNetworkInfo object (536)',1,'[{\"added\": {}}]',9,1),(559,'2024-09-26 02:46:27.992228','537','OfficeNetworkInfo object (537)',1,'[{\"added\": {}}]',9,1),(560,'2024-09-26 02:46:41.775059','538','OfficeNetworkInfo object (538)',1,'[{\"added\": {}}]',9,1),(561,'2024-09-26 02:46:53.696099','539','OfficeNetworkInfo object (539)',1,'[{\"added\": {}}]',9,1),(562,'2024-09-26 02:47:03.250142','540','OfficeNetworkInfo object (540)',1,'[{\"added\": {}}]',9,1),(563,'2024-09-26 02:47:15.297294','541','OfficeNetworkInfo object (541)',1,'[{\"added\": {}}]',9,1),(564,'2024-09-26 02:47:36.384491','540','OfficeNetworkInfo object (540)',2,'[{\"changed\": {\"fields\": [\"\\u5de5\\u4f4d\\u7aef\\u53e3\\u7f16\\u53f7\"]}}]',9,1),(565,'2024-09-26 02:47:48.611134','537','OfficeNetworkInfo object (537)',2,'[{\"changed\": {\"fields\": [\"\\u5de5\\u4f4d\\u7aef\\u53e3\\u7f16\\u53f7\"]}}]',9,1),(566,'2024-09-26 02:52:47.779046','542','OfficeNetworkInfo object (542)',1,'[{\"added\": {}}]',9,1),(567,'2024-09-26 02:58:46.482855','543','OfficeNetworkInfo object (543)',1,'[{\"added\": {}}]',9,1),(568,'2024-09-26 02:58:53.972699','544','OfficeNetworkInfo object (544)',1,'[{\"added\": {}}]',9,1),(569,'2024-09-26 02:59:01.848194','545','OfficeNetworkInfo object (545)',1,'[{\"added\": {}}]',9,1),(570,'2024-09-26 02:59:09.958074','546','OfficeNetworkInfo object (546)',1,'[{\"added\": {}}]',9,1),(571,'2024-09-26 02:59:19.167131','547','OfficeNetworkInfo object (547)',1,'[{\"added\": {}}]',9,1),(572,'2024-09-26 02:59:30.041856','548','OfficeNetworkInfo object (548)',1,'[{\"added\": {}}]',9,1),(573,'2024-09-26 02:59:39.265759','549','OfficeNetworkInfo object (549)',1,'[{\"added\": {}}]',9,1),(574,'2024-09-26 02:59:52.954216','550','OfficeNetworkInfo object (550)',1,'[{\"added\": {}}]',9,1),(575,'2024-09-26 03:00:11.527272','551','OfficeNetworkInfo object (551)',1,'[{\"added\": {}}]',9,1),(576,'2024-09-26 03:00:18.787406','552','OfficeNetworkInfo object (552)',1,'[{\"added\": {}}]',9,1),(577,'2024-09-26 03:00:26.877174','553','OfficeNetworkInfo object (553)',1,'[{\"added\": {}}]',9,1),(578,'2024-09-26 03:00:34.590363','554','OfficeNetworkInfo object (554)',1,'[{\"added\": {}}]',9,1),(579,'2024-09-26 03:00:42.043828','555','OfficeNetworkInfo object (555)',1,'[{\"added\": {}}]',9,1),(580,'2024-09-26 03:00:53.670872','556','OfficeNetworkInfo object (556)',1,'[{\"added\": {}}]',9,1),(581,'2024-09-26 03:01:04.221768','557','OfficeNetworkInfo object (557)',1,'[{\"added\": {}}]',9,1),(582,'2024-09-26 03:01:13.513956','558','OfficeNetworkInfo object (558)',1,'[{\"added\": {}}]',9,1),(583,'2024-09-26 03:01:21.988731','559','OfficeNetworkInfo object (559)',1,'[{\"added\": {}}]',9,1),(584,'2024-09-26 03:01:35.203241','560','OfficeNetworkInfo object (560)',1,'[{\"added\": {}}]',9,1),(585,'2024-09-26 03:01:47.563848','561','OfficeNetworkInfo object (561)',1,'[{\"added\": {}}]',9,1),(586,'2024-09-26 03:01:55.940965','562','OfficeNetworkInfo object (562)',1,'[{\"added\": {}}]',9,1),(587,'2024-09-26 03:02:04.850436','563','OfficeNetworkInfo object (563)',1,'[{\"added\": {}}]',9,1),(588,'2024-09-26 03:02:13.401966','564','OfficeNetworkInfo object (564)',1,'[{\"added\": {}}]',9,1),(589,'2024-09-26 03:02:23.363950','565','OfficeNetworkInfo object (565)',1,'[{\"added\": {}}]',9,1),(590,'2024-09-26 03:02:32.236385','566','OfficeNetworkInfo object (566)',1,'[{\"added\": {}}]',9,1),(591,'2024-09-26 03:02:41.161833','567','OfficeNetworkInfo object (567)',1,'[{\"added\": {}}]',9,1),(592,'2024-09-26 03:02:49.839349','568','OfficeNetworkInfo object (568)',1,'[{\"added\": {}}]',9,1),(593,'2024-09-26 03:02:58.746634','569','OfficeNetworkInfo object (569)',1,'[{\"added\": {}}]',9,1),(594,'2024-09-26 03:03:08.120078','570','OfficeNetworkInfo object (570)',1,'[{\"added\": {}}]',9,1),(595,'2024-09-26 03:03:18.271889','571','OfficeNetworkInfo object (571)',1,'[{\"added\": {}}]',9,1),(596,'2024-09-26 03:03:28.890320','572','OfficeNetworkInfo object (572)',1,'[{\"added\": {}}]',9,1),(597,'2024-09-26 03:03:36.620971','573','OfficeNetworkInfo object (573)',1,'[{\"added\": {}}]',9,1),(598,'2024-09-26 03:03:47.427284','574','OfficeNetworkInfo object (574)',1,'[{\"added\": {}}]',9,1),(599,'2024-09-26 03:03:55.923231','575','OfficeNetworkInfo object (575)',1,'[{\"added\": {}}]',9,1),(600,'2024-09-26 03:04:05.020710','576','OfficeNetworkInfo object (576)',1,'[{\"added\": {}}]',9,1),(601,'2024-09-26 03:04:14.899582','577','OfficeNetworkInfo object (577)',1,'[{\"added\": {}}]',9,1),(602,'2024-09-26 03:04:23.970743','578','OfficeNetworkInfo object (578)',1,'[{\"added\": {}}]',9,1),(603,'2024-09-26 03:04:32.388167','579','OfficeNetworkInfo object (579)',1,'[{\"added\": {}}]',9,1),(604,'2024-09-26 03:04:41.466095','580','OfficeNetworkInfo object (580)',1,'[{\"added\": {}}]',9,1),(605,'2024-09-26 03:04:51.671413','581','OfficeNetworkInfo object (581)',1,'[{\"added\": {}}]',9,1),(606,'2024-09-26 03:05:04.039214','582','OfficeNetworkInfo object (582)',1,'[{\"added\": {}}]',9,1),(607,'2024-09-26 03:05:11.786431','583','OfficeNetworkInfo object (583)',1,'[{\"added\": {}}]',9,1),(608,'2024-09-26 03:05:20.624567','584','OfficeNetworkInfo object (584)',1,'[{\"added\": {}}]',9,1),(609,'2024-09-26 03:05:47.252277','585','OfficeNetworkInfo object (585)',1,'[{\"added\": {}}]',9,1),(610,'2024-09-26 03:05:56.836287','586','OfficeNetworkInfo object (586)',1,'[{\"added\": {}}]',9,1),(611,'2024-09-26 03:06:09.962001','587','OfficeNetworkInfo object (587)',1,'[{\"added\": {}}]',9,1),(612,'2024-09-26 03:06:22.182709','588','OfficeNetworkInfo object (588)',1,'[{\"added\": {}}]',9,1),(613,'2024-09-26 03:06:34.933776','589','OfficeNetworkInfo object (589)',1,'[{\"added\": {}}]',9,1),(614,'2024-09-26 03:11:34.877212','590','OfficeNetworkInfo object (590)',1,'[{\"added\": {}}]',9,1),(615,'2024-09-26 03:11:46.514200','591','OfficeNetworkInfo object (591)',1,'[{\"added\": {}}]',9,1),(616,'2024-09-26 03:12:01.174098','592','OfficeNetworkInfo object (592)',1,'[{\"added\": {}}]',9,1),(617,'2024-09-26 03:12:15.126217','593','OfficeNetworkInfo object (593)',1,'[{\"added\": {}}]',9,1),(618,'2024-09-26 03:12:26.890535','594','OfficeNetworkInfo object (594)',1,'[{\"added\": {}}]',9,1),(619,'2024-09-26 03:12:43.580166','595','OfficeNetworkInfo object (595)',1,'[{\"added\": {}}]',9,1),(620,'2024-09-26 03:12:56.900955','596','OfficeNetworkInfo object (596)',1,'[{\"added\": {}}]',9,1),(621,'2024-09-26 03:14:03.484181','597','OfficeNetworkInfo object (597)',1,'[{\"added\": {}}]',9,1),(622,'2024-09-26 03:14:18.765904','598','OfficeNetworkInfo object (598)',1,'[{\"added\": {}}]',9,1),(623,'2024-09-26 03:14:32.618672','599','OfficeNetworkInfo object (599)',1,'[{\"added\": {}}]',9,1),(624,'2024-09-26 03:14:45.026038','600','OfficeNetworkInfo object (600)',1,'[{\"added\": {}}]',9,1),(625,'2024-09-26 03:14:56.318427','601','OfficeNetworkInfo object (601)',1,'[{\"added\": {}}]',9,1),(626,'2024-09-26 03:15:10.738947','602','OfficeNetworkInfo object (602)',1,'[{\"added\": {}}]',9,1),(627,'2024-09-26 03:15:23.559251','603','OfficeNetworkInfo object (603)',1,'[{\"added\": {}}]',9,1),(628,'2024-09-26 03:15:37.919912','604','OfficeNetworkInfo object (604)',1,'[{\"added\": {}}]',9,1),(629,'2024-09-26 03:15:49.893348','605','OfficeNetworkInfo object (605)',1,'[{\"added\": {}}]',9,1),(630,'2024-09-26 03:16:01.453166','606','OfficeNetworkInfo object (606)',1,'[{\"added\": {}}]',9,1),(631,'2024-09-26 03:16:15.303800','607','OfficeNetworkInfo object (607)',1,'[{\"added\": {}}]',9,1),(632,'2024-09-26 03:16:27.336350','608','OfficeNetworkInfo object (608)',1,'[{\"added\": {}}]',9,1),(633,'2024-09-26 03:16:41.155205','609','OfficeNetworkInfo object (609)',1,'[{\"added\": {}}]',9,1),(634,'2024-09-26 03:16:57.046673','610','OfficeNetworkInfo object (610)',1,'[{\"added\": {}}]',9,1),(635,'2024-09-26 03:17:09.829376','611','OfficeNetworkInfo object (611)',1,'[{\"added\": {}}]',9,1),(636,'2024-09-26 03:17:22.911310','612','OfficeNetworkInfo object (612)',1,'[{\"added\": {}}]',9,1),(637,'2024-09-26 03:17:53.103824','613','OfficeNetworkInfo object (613)',1,'[{\"added\": {}}]',9,1),(638,'2024-09-26 03:18:05.607637','614','OfficeNetworkInfo object (614)',1,'[{\"added\": {}}]',9,1),(639,'2024-09-26 03:18:24.474814','615','OfficeNetworkInfo object (615)',1,'[{\"added\": {}}]',9,1),(640,'2024-09-26 03:18:44.659026','616','OfficeNetworkInfo object (616)',1,'[{\"added\": {}}]',9,1),(641,'2024-09-26 03:19:34.076471','617','OfficeNetworkInfo object (617)',1,'[{\"added\": {}}]',9,1),(642,'2024-09-26 03:19:46.857918','618','OfficeNetworkInfo object (618)',1,'[{\"added\": {}}]',9,1),(643,'2024-09-26 03:34:14.064719','619','OfficeNetworkInfo object (619)',1,'[{\"added\": {}}]',9,1),(644,'2024-09-26 03:34:27.056471','620','OfficeNetworkInfo object (620)',1,'[{\"added\": {}}]',9,1),(645,'2024-09-26 03:34:37.731643','621','OfficeNetworkInfo object (621)',1,'[{\"added\": {}}]',9,1),(646,'2024-09-26 03:34:48.138113','622','OfficeNetworkInfo object (622)',1,'[{\"added\": {}}]',9,1),(647,'2024-09-26 03:35:00.476458','623','OfficeNetworkInfo object (623)',1,'[{\"added\": {}}]',9,1),(648,'2024-09-26 03:35:14.483034','624','OfficeNetworkInfo object (624)',1,'[{\"added\": {}}]',9,1),(649,'2024-09-26 03:35:26.107555','625','OfficeNetworkInfo object (625)',1,'[{\"added\": {}}]',9,1),(650,'2024-09-26 03:35:37.983730','626','OfficeNetworkInfo object (626)',1,'[{\"added\": {}}]',9,1),(651,'2024-09-26 03:35:52.177083','627','OfficeNetworkInfo object (627)',1,'[{\"added\": {}}]',9,1),(652,'2024-09-26 03:36:03.884260','628','OfficeNetworkInfo object (628)',1,'[{\"added\": {}}]',9,1),(653,'2024-09-26 03:36:15.728966','629','OfficeNetworkInfo object (629)',1,'[{\"added\": {}}]',9,1),(654,'2024-09-26 03:36:31.350796','630','OfficeNetworkInfo object (630)',1,'[{\"added\": {}}]',9,1),(655,'2024-09-26 03:36:50.741960','631','OfficeNetworkInfo object (631)',1,'[{\"added\": {}}]',9,1),(656,'2024-09-26 03:37:06.551325','632','OfficeNetworkInfo object (632)',1,'[{\"added\": {}}]',9,1),(657,'2024-09-26 03:37:23.589419','633','OfficeNetworkInfo object (633)',1,'[{\"added\": {}}]',9,1),(658,'2024-09-26 03:37:35.809902','634','OfficeNetworkInfo object (634)',1,'[{\"added\": {}}]',9,1),(659,'2024-09-26 03:38:00.272081','635','OfficeNetworkInfo object (635)',1,'[{\"added\": {}}]',9,1),(660,'2024-09-26 03:42:33.725824','636','OfficeNetworkInfo object (636)',1,'[{\"added\": {}}]',9,1),(661,'2024-09-26 03:42:43.471676','637','OfficeNetworkInfo object (637)',1,'[{\"added\": {}}]',9,1),(662,'2024-09-26 03:42:54.443451','638','OfficeNetworkInfo object (638)',1,'[{\"added\": {}}]',9,1),(663,'2024-09-26 03:43:04.196777','639','OfficeNetworkInfo object (639)',1,'[{\"added\": {}}]',9,1),(664,'2024-09-26 03:43:21.185666','640','OfficeNetworkInfo object (640)',1,'[{\"added\": {}}]',9,1),(665,'2024-09-26 03:43:35.526182','641','OfficeNetworkInfo object (641)',1,'[{\"added\": {}}]',9,1),(666,'2024-09-26 06:11:06.792685','642','OfficeNetworkInfo object (642)',1,'[{\"added\": {}}]',9,1),(667,'2024-09-26 06:11:18.456343','643','OfficeNetworkInfo object (643)',1,'[{\"added\": {}}]',9,1),(668,'2024-09-26 06:11:27.841716','644','OfficeNetworkInfo object (644)',1,'[{\"added\": {}}]',9,1),(669,'2024-09-26 06:11:36.756172','645','OfficeNetworkInfo object (645)',1,'[{\"added\": {}}]',9,1),(670,'2024-09-26 06:11:45.150975','646','OfficeNetworkInfo object (646)',1,'[{\"added\": {}}]',9,1),(671,'2024-09-26 06:11:57.221058','647','OfficeNetworkInfo object (647)',1,'[{\"added\": {}}]',9,1),(672,'2024-09-26 06:12:05.666657','648','OfficeNetworkInfo object (648)',1,'[{\"added\": {}}]',9,1),(673,'2024-09-26 06:12:15.416180','649','OfficeNetworkInfo object (649)',1,'[{\"added\": {}}]',9,1),(674,'2024-09-26 06:12:30.003870','650','OfficeNetworkInfo object (650)',1,'[{\"added\": {}}]',9,1),(675,'2024-09-26 06:12:46.552519','651','OfficeNetworkInfo object (651)',1,'[{\"added\": {}}]',9,1),(676,'2024-09-26 06:13:09.878059','652','OfficeNetworkInfo object (652)',1,'[{\"added\": {}}]',9,1),(677,'2024-09-26 06:13:19.413819','653','OfficeNetworkInfo object (653)',1,'[{\"added\": {}}]',9,1),(678,'2024-09-26 06:13:29.003481','654','OfficeNetworkInfo object (654)',1,'[{\"added\": {}}]',9,1),(679,'2024-09-26 06:13:38.601918','655','OfficeNetworkInfo object (655)',1,'[{\"added\": {}}]',9,1),(680,'2024-09-26 06:13:47.692097','656','OfficeNetworkInfo object (656)',1,'[{\"added\": {}}]',9,1),(681,'2024-09-26 06:13:57.673286','657','OfficeNetworkInfo object (657)',1,'[{\"added\": {}}]',9,1),(682,'2024-09-26 06:14:07.502901','658','OfficeNetworkInfo object (658)',1,'[{\"added\": {}}]',9,1),(683,'2024-09-26 06:14:18.853022','659','OfficeNetworkInfo object (659)',1,'[{\"added\": {}}]',9,1),(684,'2024-09-26 06:14:31.413769','660','OfficeNetworkInfo object (660)',1,'[{\"added\": {}}]',9,1),(685,'2024-09-26 06:14:48.239871','661','OfficeNetworkInfo object (661)',1,'[{\"added\": {}}]',9,1),(686,'2024-09-26 06:14:57.479971','662','OfficeNetworkInfo object (662)',1,'[{\"added\": {}}]',9,1),(687,'2024-09-26 06:15:11.439619','663','OfficeNetworkInfo object (663)',1,'[{\"added\": {}}]',9,1),(688,'2024-09-26 06:15:21.490970','664','OfficeNetworkInfo object (664)',1,'[{\"added\": {}}]',9,1),(689,'2024-09-26 06:15:35.870626','665','OfficeNetworkInfo object (665)',1,'[{\"added\": {}}]',9,1),(690,'2024-09-26 06:15:45.429507','666','OfficeNetworkInfo object (666)',1,'[{\"added\": {}}]',9,1),(691,'2024-09-26 06:15:59.854872','667','OfficeNetworkInfo object (667)',1,'[{\"added\": {}}]',9,1),(692,'2024-09-26 06:16:09.706418','668','OfficeNetworkInfo object (668)',1,'[{\"added\": {}}]',9,1),(693,'2024-09-26 06:16:22.865091','669','OfficeNetworkInfo object (669)',1,'[{\"added\": {}}]',9,1),(694,'2024-09-26 06:16:33.072403','670','OfficeNetworkInfo object (670)',1,'[{\"added\": {}}]',9,1),(695,'2024-09-26 06:16:50.105516','671','OfficeNetworkInfo object (671)',1,'[{\"added\": {}}]',9,1),(696,'2024-09-26 06:17:08.573066','672','OfficeNetworkInfo object (672)',1,'[{\"added\": {}}]',9,1),(697,'2024-09-26 06:17:17.949040','673','OfficeNetworkInfo object (673)',1,'[{\"added\": {}}]',9,1),(698,'2024-09-26 06:17:27.166105','674','OfficeNetworkInfo object (674)',1,'[{\"added\": {}}]',9,1),(699,'2024-09-26 06:18:06.892124','675','OfficeNetworkInfo object (675)',1,'[{\"added\": {}}]',9,1),(700,'2024-09-26 06:19:50.672208','676','OfficeNetworkInfo object (676)',1,'[{\"added\": {}}]',9,1),(701,'2024-09-26 06:19:59.526950','677','OfficeNetworkInfo object (677)',1,'[{\"added\": {}}]',9,1),(702,'2024-09-26 06:20:09.389919','678','OfficeNetworkInfo object (678)',1,'[{\"added\": {}}]',9,1),(703,'2024-09-26 06:20:18.433723','679','OfficeNetworkInfo object (679)',1,'[{\"added\": {}}]',9,1),(704,'2024-09-26 06:20:28.940604','680','OfficeNetworkInfo object (680)',1,'[{\"added\": {}}]',9,1),(705,'2024-09-26 06:20:39.759086','681','OfficeNetworkInfo object (681)',1,'[{\"added\": {}}]',9,1),(706,'2024-09-26 06:20:50.075161','682','OfficeNetworkInfo object (682)',1,'[{\"added\": {}}]',9,1),(707,'2024-09-26 06:21:00.626973','683','OfficeNetworkInfo object (683)',1,'[{\"added\": {}}]',9,1),(708,'2024-09-26 06:21:10.973560','684','OfficeNetworkInfo object (684)',1,'[{\"added\": {}}]',9,1),(709,'2024-09-26 06:21:20.704294','685','OfficeNetworkInfo object (685)',1,'[{\"added\": {}}]',9,1),(710,'2024-09-26 06:21:29.399743','686','OfficeNetworkInfo object (686)',1,'[{\"added\": {}}]',9,1),(711,'2024-09-26 06:21:39.028882','687','OfficeNetworkInfo object (687)',1,'[{\"added\": {}}]',9,1),(712,'2024-09-26 06:22:06.508296','688','OfficeNetworkInfo object (688)',1,'[{\"added\": {}}]',9,1),(713,'2024-09-26 06:22:15.108514','689','OfficeNetworkInfo object (689)',1,'[{\"added\": {}}]',9,1),(714,'2024-09-26 06:22:24.626603','690','OfficeNetworkInfo object (690)',1,'[{\"added\": {}}]',9,1),(715,'2024-09-26 06:22:36.479883','691','OfficeNetworkInfo object (691)',1,'[{\"added\": {}}]',9,1),(716,'2024-09-26 06:23:01.572239','692','OfficeNetworkInfo object (692)',1,'[{\"added\": {}}]',9,1),(717,'2024-09-26 06:23:10.338710','693','OfficeNetworkInfo object (693)',1,'[{\"added\": {}}]',9,1),(718,'2024-09-26 06:23:20.052351','694','OfficeNetworkInfo object (694)',1,'[{\"added\": {}}]',9,1),(719,'2024-09-26 06:23:40.632391','695','OfficeNetworkInfo object (695)',1,'[{\"added\": {}}]',9,1),(720,'2024-09-26 06:23:48.978232','696','OfficeNetworkInfo object (696)',1,'[{\"added\": {}}]',9,1),(721,'2024-09-26 06:23:58.711111','697','OfficeNetworkInfo object (697)',1,'[{\"added\": {}}]',9,1),(722,'2024-09-26 06:24:13.775178','698','OfficeNetworkInfo object (698)',1,'[{\"added\": {}}]',9,1),(723,'2024-09-26 06:24:22.834964','699','OfficeNetworkInfo object (699)',1,'[{\"added\": {}}]',9,1),(724,'2024-09-26 06:24:33.562373','700','OfficeNetworkInfo object (700)',1,'[{\"added\": {}}]',9,1),(725,'2024-09-26 06:24:55.768108','701','OfficeNetworkInfo object (701)',1,'[{\"added\": {}}]',9,1),(726,'2024-09-26 06:25:14.871811','700','OfficeNetworkInfo object (700)',2,'[{\"changed\": {\"fields\": [\"\\u4ea4\\u6362\\u673a\\u7aef\\u53e3\"]}}]',9,1),(727,'2024-09-26 06:25:38.492962','702','OfficeNetworkInfo object (702)',1,'[{\"added\": {}}]',9,1),(728,'2024-09-26 06:25:49.049300','703','OfficeNetworkInfo object (703)',1,'[{\"added\": {}}]',9,1),(729,'2024-09-26 06:26:00.733646','704','OfficeNetworkInfo object (704)',1,'[{\"added\": {}}]',9,1),(730,'2024-09-26 06:26:17.979752','705','OfficeNetworkInfo object (705)',1,'[{\"added\": {}}]',9,1),(731,'2024-09-26 06:26:30.475118','706','OfficeNetworkInfo object (706)',1,'[{\"added\": {}}]',9,1),(732,'2024-09-26 06:26:48.445647','707','OfficeNetworkInfo object (707)',1,'[{\"added\": {}}]',9,1),(733,'2024-09-26 06:27:01.277384','708','OfficeNetworkInfo object (708)',1,'[{\"added\": {}}]',9,1),(734,'2024-09-26 06:27:17.898393','709','OfficeNetworkInfo object (709)',1,'[{\"added\": {}}]',9,1),(735,'2024-09-26 06:27:30.141224','710','OfficeNetworkInfo object (710)',1,'[{\"added\": {}}]',9,1),(736,'2024-09-26 06:27:40.380419','711','OfficeNetworkInfo object (711)',1,'[{\"added\": {}}]',9,1),(737,'2024-09-26 06:28:05.086204','712','OfficeNetworkInfo object (712)',1,'[{\"added\": {}}]',9,1),(738,'2024-09-26 06:28:18.810150','713','OfficeNetworkInfo object (713)',1,'[{\"added\": {}}]',9,1),(739,'2024-09-26 06:28:31.778809','714','OfficeNetworkInfo object (714)',1,'[{\"added\": {}}]',9,1),(740,'2024-09-26 06:28:42.306171','715','OfficeNetworkInfo object (715)',1,'[{\"added\": {}}]',9,1),(741,'2024-09-26 06:30:41.301316','716','OfficeNetworkInfo object (716)',1,'[{\"added\": {}}]',9,1),(742,'2024-09-26 06:31:05.250485','717','OfficeNetworkInfo object (717)',1,'[{\"added\": {}}]',9,1),(743,'2024-09-26 06:31:19.812681','718','OfficeNetworkInfo object (718)',1,'[{\"added\": {}}]',9,1),(744,'2024-09-26 06:31:38.136477','719','OfficeNetworkInfo object (719)',1,'[{\"added\": {}}]',9,1),(745,'2024-09-26 06:31:55.945768','720','OfficeNetworkInfo object (720)',1,'[{\"added\": {}}]',9,1),(746,'2024-09-26 06:32:18.023576','721','OfficeNetworkInfo object (721)',1,'[{\"added\": {}}]',9,1),(747,'2024-09-26 06:32:36.450683','722','OfficeNetworkInfo object (722)',1,'[{\"added\": {}}]',9,1),(748,'2024-09-26 06:32:56.725107','723','OfficeNetworkInfo object (723)',1,'[{\"added\": {}}]',9,1),(749,'2024-09-26 06:34:13.159313','724','OfficeNetworkInfo object (724)',1,'[{\"added\": {}}]',9,1),(750,'2024-09-26 06:34:31.957252','725','OfficeNetworkInfo object (725)',1,'[{\"added\": {}}]',9,1),(751,'2024-09-26 06:36:38.729005','726','OfficeNetworkInfo object (726)',1,'[{\"added\": {}}]',9,2),(752,'2024-09-26 06:37:00.980592','727','OfficeNetworkInfo object (727)',1,'[{\"added\": {}}]',9,2),(753,'2024-09-26 06:37:18.783437','728','OfficeNetworkInfo object (728)',1,'[{\"added\": {}}]',9,2),(754,'2024-09-26 06:37:34.550759','729','OfficeNetworkInfo object (729)',1,'[{\"added\": {}}]',9,2),(755,'2024-09-26 06:37:58.427907','730','OfficeNetworkInfo object (730)',1,'[{\"added\": {}}]',9,2),(756,'2024-09-26 06:38:14.787240','731','OfficeNetworkInfo object (731)',1,'[{\"added\": {}}]',9,2),(757,'2024-09-26 06:38:29.037702','732','OfficeNetworkInfo object (732)',1,'[{\"added\": {}}]',9,2),(758,'2024-09-26 06:38:44.532734','733','OfficeNetworkInfo object (733)',1,'[{\"added\": {}}]',9,2),(759,'2024-09-26 06:38:59.695101','734','OfficeNetworkInfo object (734)',1,'[{\"added\": {}}]',9,2),(760,'2024-09-26 06:39:11.307844','735','OfficeNetworkInfo object (735)',1,'[{\"added\": {}}]',9,2),(761,'2024-09-26 06:39:24.632437','736','OfficeNetworkInfo object (736)',1,'[{\"added\": {}}]',9,2),(762,'2024-09-26 06:39:36.092679','737','OfficeNetworkInfo object (737)',1,'[{\"added\": {}}]',9,2),(763,'2024-09-26 06:39:46.343248','738','OfficeNetworkInfo object (738)',1,'[{\"added\": {}}]',9,2),(764,'2024-09-26 06:39:54.617312','739','OfficeNetworkInfo object (739)',1,'[{\"added\": {}}]',9,2),(765,'2024-09-26 06:40:03.456873','740','OfficeNetworkInfo object (740)',1,'[{\"added\": {}}]',9,2),(766,'2024-09-26 06:40:18.084602','741','OfficeNetworkInfo object (741)',1,'[{\"added\": {}}]',9,2),(767,'2024-09-26 06:40:25.776942','742','OfficeNetworkInfo object (742)',1,'[{\"added\": {}}]',9,2),(768,'2024-09-26 06:40:35.288354','743','OfficeNetworkInfo object (743)',1,'[{\"added\": {}}]',9,2),(769,'2024-09-26 06:40:53.324108','744','OfficeNetworkInfo object (744)',1,'[{\"added\": {}}]',9,2),(770,'2024-09-26 06:41:04.569374','745','OfficeNetworkInfo object (745)',1,'[{\"added\": {}}]',9,2),(771,'2024-09-26 06:41:12.824137','746','OfficeNetworkInfo object (746)',1,'[{\"added\": {}}]',9,2),(772,'2024-09-26 06:41:21.503967','747','OfficeNetworkInfo object (747)',1,'[{\"added\": {}}]',9,2),(773,'2024-09-26 06:41:32.044712','748','OfficeNetworkInfo object (748)',1,'[{\"added\": {}}]',9,2),(774,'2024-09-26 06:41:58.105535','749','OfficeNetworkInfo object (749)',1,'[{\"added\": {}}]',9,2),(775,'2024-09-26 06:42:10.386804','750','OfficeNetworkInfo object (750)',1,'[{\"added\": {}}]',9,2),(776,'2024-09-26 06:42:39.335057','751','OfficeNetworkInfo object (751)',1,'[{\"added\": {}}]',9,2),(777,'2024-09-26 06:42:47.390294','752','OfficeNetworkInfo object (752)',1,'[{\"added\": {}}]',9,2),(778,'2024-09-26 06:43:00.260108','753','OfficeNetworkInfo object (753)',1,'[{\"added\": {}}]',9,2),(779,'2024-09-26 06:43:29.212247','754','OfficeNetworkInfo object (754)',1,'[{\"added\": {}}]',9,2),(780,'2024-09-26 06:43:38.418249','755','OfficeNetworkInfo object (755)',1,'[{\"added\": {}}]',9,2),(781,'2024-09-26 06:44:09.335736','756','OfficeNetworkInfo object (756)',1,'[{\"added\": {}}]',9,2),(782,'2024-09-26 06:46:05.352979','755','OfficeNetworkInfo object (755)',2,'[{\"changed\": {\"fields\": [\"\\u5de5\\u4f4d\\u7aef\\u53e3\\u7f16\\u53f7\"]}}]',9,1),(783,'2024-09-26 06:46:51.688696','757','OfficeNetworkInfo object (757)',1,'[{\"added\": {}}]',9,2),(784,'2024-09-26 06:47:00.764775','758','OfficeNetworkInfo object (758)',1,'[{\"added\": {}}]',9,2),(785,'2024-09-26 06:47:09.834964','759','OfficeNetworkInfo object (759)',1,'[{\"added\": {}}]',9,2),(786,'2024-09-26 06:47:24.856581','760','OfficeNetworkInfo object (760)',1,'[{\"added\": {}}]',9,2),(787,'2024-09-26 06:49:21.221964','761','OfficeNetworkInfo object (761)',1,'[{\"added\": {}}]',9,2),(788,'2024-09-26 06:49:34.393968','762','OfficeNetworkInfo object (762)',1,'[{\"added\": {}}]',9,2),(789,'2024-09-26 06:49:45.083806','763','OfficeNetworkInfo object (763)',1,'[{\"added\": {}}]',9,2),(790,'2024-09-26 06:49:54.797539','764','OfficeNetworkInfo object (764)',1,'[{\"added\": {}}]',9,2),(791,'2024-09-26 06:50:03.331763','765','OfficeNetworkInfo object (765)',1,'[{\"added\": {}}]',9,2),(792,'2024-09-26 06:50:15.180314','766','OfficeNetworkInfo object (766)',1,'[{\"added\": {}}]',9,2),(793,'2024-09-26 06:50:24.926867','767','OfficeNetworkInfo object (767)',1,'[{\"added\": {}}]',9,2),(794,'2024-09-26 06:50:35.603930','768','OfficeNetworkInfo object (768)',1,'[{\"added\": {}}]',9,2),(795,'2024-09-26 06:51:00.952000','769','OfficeNetworkInfo object (769)',1,'[{\"added\": {}}]',9,2),(796,'2024-09-26 06:51:12.544451','770','OfficeNetworkInfo object (770)',1,'[{\"added\": {}}]',9,2),(797,'2024-09-26 06:51:21.856341','771','OfficeNetworkInfo object (771)',1,'[{\"added\": {}}]',9,2),(798,'2024-09-26 06:51:30.517839','772','OfficeNetworkInfo object (772)',1,'[{\"added\": {}}]',9,2),(799,'2024-09-26 06:51:41.094101','773','OfficeNetworkInfo object (773)',1,'[{\"added\": {}}]',9,2),(800,'2024-09-26 06:51:50.159056','774','OfficeNetworkInfo object (774)',1,'[{\"added\": {}}]',9,2),(801,'2024-09-26 06:51:58.387314','775','OfficeNetworkInfo object (775)',1,'[{\"added\": {}}]',9,2),(802,'2024-09-26 06:52:12.889570','776','OfficeNetworkInfo object (776)',1,'[{\"added\": {}}]',9,2),(803,'2024-09-26 06:52:21.685807','777','OfficeNetworkInfo object (777)',1,'[{\"added\": {}}]',9,2),(804,'2024-09-26 06:52:29.980125','778','OfficeNetworkInfo object (778)',1,'[{\"added\": {}}]',9,2),(805,'2024-09-26 06:52:39.149060','779','OfficeNetworkInfo object (779)',1,'[{\"added\": {}}]',9,2),(806,'2024-09-26 06:52:48.852356','780','OfficeNetworkInfo object (780)',1,'[{\"added\": {}}]',9,2),(807,'2024-09-26 06:52:57.136870','781','OfficeNetworkInfo object (781)',1,'[{\"added\": {}}]',9,2),(808,'2024-09-26 06:53:05.432860','782','OfficeNetworkInfo object (782)',1,'[{\"added\": {}}]',9,2),(809,'2024-09-26 06:53:18.655857','783','OfficeNetworkInfo object (783)',1,'[{\"added\": {}}]',9,2),(810,'2024-09-26 06:53:28.290774','784','OfficeNetworkInfo object (784)',1,'[{\"added\": {}}]',9,2),(811,'2024-09-26 06:53:36.988300','785','OfficeNetworkInfo object (785)',1,'[{\"added\": {}}]',9,2),(812,'2024-09-26 06:53:46.965653','786','OfficeNetworkInfo object (786)',1,'[{\"added\": {}}]',9,2),(813,'2024-09-26 06:53:56.731842','787','OfficeNetworkInfo object (787)',1,'[{\"added\": {}}]',9,2),(814,'2024-09-26 06:54:04.879760','788','OfficeNetworkInfo object (788)',1,'[{\"added\": {}}]',9,2),(815,'2024-09-26 06:54:13.971836','789','OfficeNetworkInfo object (789)',1,'[{\"added\": {}}]',9,2),(816,'2024-09-26 06:54:26.001028','790','OfficeNetworkInfo object (790)',1,'[{\"added\": {}}]',9,2),(817,'2024-09-26 06:54:34.604392','791','OfficeNetworkInfo object (791)',1,'[{\"added\": {}}]',9,2),(818,'2024-09-26 06:54:43.013358','792','OfficeNetworkInfo object (792)',1,'[{\"added\": {}}]',9,2),(819,'2024-09-26 06:54:52.799517','793','OfficeNetworkInfo object (793)',1,'[{\"added\": {}}]',9,2),(820,'2024-09-26 06:55:43.349955','794','OfficeNetworkInfo object (794)',1,'[{\"added\": {}}]',9,2),(821,'2024-09-26 06:55:54.107563','795','OfficeNetworkInfo object (795)',1,'[{\"added\": {}}]',9,2),(822,'2024-09-26 06:56:03.185260','796','OfficeNetworkInfo object (796)',1,'[{\"added\": {}}]',9,2),(823,'2024-09-26 06:56:14.805507','797','OfficeNetworkInfo object (797)',1,'[{\"added\": {}}]',9,2),(824,'2024-09-26 06:56:22.973944','798','OfficeNetworkInfo object (798)',1,'[{\"added\": {}}]',9,2),(825,'2024-09-26 06:56:30.895008','799','OfficeNetworkInfo object (799)',1,'[{\"added\": {}}]',9,2),(826,'2024-09-26 06:56:39.568114','800','OfficeNetworkInfo object (800)',1,'[{\"added\": {}}]',9,2),(827,'2024-09-26 06:56:48.852682','801','OfficeNetworkInfo object (801)',1,'[{\"added\": {}}]',9,2),(828,'2024-09-26 06:57:06.008699','802','OfficeNetworkInfo object (802)',1,'[{\"added\": {}}]',9,2),(829,'2024-09-26 06:57:15.069008','803','OfficeNetworkInfo object (803)',1,'[{\"added\": {}}]',9,2),(830,'2024-09-26 06:57:23.356869','804','OfficeNetworkInfo object (804)',1,'[{\"added\": {}}]',9,2),(831,'2024-09-26 06:57:31.374852','805','OfficeNetworkInfo object (805)',1,'[{\"added\": {}}]',9,2),(832,'2024-09-26 06:57:39.756944','806','OfficeNetworkInfo object (806)',1,'[{\"added\": {}}]',9,2),(833,'2024-09-26 06:57:48.290669','807','OfficeNetworkInfo object (807)',1,'[{\"added\": {}}]',9,2),(834,'2024-09-26 06:57:54.994813','808','OfficeNetworkInfo object (808)',1,'[{\"added\": {}}]',9,2),(835,'2024-09-26 06:58:08.802197','808','OfficeNetworkInfo object (808)',2,'[{\"changed\": {\"fields\": [\"\\u5de5\\u4f4d\\u7aef\\u53e3\\u7f16\\u53f7\"]}}]',9,1),(836,'2024-09-26 06:58:15.158116','809','OfficeNetworkInfo object (809)',1,'[{\"added\": {}}]',9,2),(837,'2024-09-26 06:58:24.047386','810','OfficeNetworkInfo object (810)',1,'[{\"added\": {}}]',9,2),(838,'2024-09-26 06:58:35.633094','811','OfficeNetworkInfo object (811)',1,'[{\"added\": {}}]',9,2),(839,'2024-09-26 06:58:44.122146','812','OfficeNetworkInfo object (812)',1,'[{\"added\": {}}]',9,2),(840,'2024-09-26 06:58:54.407679','813','OfficeNetworkInfo object (813)',1,'[{\"added\": {}}]',9,2),(841,'2024-09-26 06:59:02.370063','814','OfficeNetworkInfo object (814)',1,'[{\"added\": {}}]',9,2),(842,'2024-09-26 06:59:10.902630','815','OfficeNetworkInfo object (815)',1,'[{\"added\": {}}]',9,2),(843,'2024-09-26 06:59:19.791509','816','OfficeNetworkInfo object (816)',1,'[{\"added\": {}}]',9,2),(844,'2024-09-26 06:59:29.155262','817','OfficeNetworkInfo object (817)',1,'[{\"added\": {}}]',9,2),(845,'2024-09-26 06:59:36.951027','818','OfficeNetworkInfo object (818)',1,'[{\"added\": {}}]',9,2),(846,'2024-09-26 06:59:45.780413','819','OfficeNetworkInfo object (819)',1,'[{\"added\": {}}]',9,2),(847,'2024-09-26 06:59:55.544815','820','OfficeNetworkInfo object (820)',1,'[{\"added\": {}}]',9,2),(848,'2024-09-26 07:00:04.441869','821','OfficeNetworkInfo object (821)',1,'[{\"added\": {}}]',9,2),(849,'2024-09-26 07:00:13.392877','822','OfficeNetworkInfo object (822)',1,'[{\"added\": {}}]',9,2),(850,'2024-09-26 07:00:23.900756','823','OfficeNetworkInfo object (823)',1,'[{\"added\": {}}]',9,2),(851,'2024-09-26 07:00:32.910756','824','OfficeNetworkInfo object (824)',1,'[{\"added\": {}}]',9,2),(852,'2024-09-26 07:00:42.194849','825','OfficeNetworkInfo object (825)',1,'[{\"added\": {}}]',9,2),(853,'2024-09-26 07:00:50.979089','826','OfficeNetworkInfo object (826)',1,'[{\"added\": {}}]',9,2),(854,'2024-09-26 07:02:22.431061','827','OfficeNetworkInfo object (827)',1,'[{\"added\": {}}]',9,2),(855,'2024-09-26 07:02:41.761782','828','OfficeNetworkInfo object (828)',1,'[{\"added\": {}}]',9,2),(856,'2024-09-26 07:02:51.228403','829','OfficeNetworkInfo object (829)',1,'[{\"added\": {}}]',9,2),(857,'2024-09-26 07:03:03.806083','830','OfficeNetworkInfo object (830)',1,'[{\"added\": {}}]',9,2),(858,'2024-09-26 07:38:06.481951','831','OfficeNetworkInfo object (831)',1,'[{\"added\": {}}]',9,2),(859,'2024-09-26 07:38:43.189087','832','OfficeNetworkInfo object (832)',1,'[{\"added\": {}}]',9,2),(860,'2024-09-26 07:38:52.320284','833','OfficeNetworkInfo object (833)',1,'[{\"added\": {}}]',9,2),(861,'2024-09-26 07:39:01.677238','834','OfficeNetworkInfo object (834)',1,'[{\"added\": {}}]',9,2),(862,'2024-09-26 07:39:10.571064','835','OfficeNetworkInfo object (835)',1,'[{\"added\": {}}]',9,2),(863,'2024-09-26 07:39:19.909831','836','OfficeNetworkInfo object (836)',1,'[{\"added\": {}}]',9,2),(864,'2024-09-26 07:39:27.453009','837','OfficeNetworkInfo object (837)',1,'[{\"added\": {}}]',9,2),(865,'2024-09-26 07:39:36.274381','838','OfficeNetworkInfo object (838)',1,'[{\"added\": {}}]',9,2),(866,'2024-09-26 07:39:44.504403','839','OfficeNetworkInfo object (839)',1,'[{\"added\": {}}]',9,2),(867,'2024-09-26 07:39:52.642462','840','OfficeNetworkInfo object (840)',1,'[{\"added\": {}}]',9,2),(868,'2024-09-26 07:40:01.733484','841','OfficeNetworkInfo object (841)',1,'[{\"added\": {}}]',9,2),(869,'2024-09-26 07:40:11.098772','842','OfficeNetworkInfo object (842)',1,'[{\"added\": {}}]',9,2),(870,'2024-09-26 07:40:19.870016','843','OfficeNetworkInfo object (843)',1,'[{\"added\": {}}]',9,2),(871,'2024-09-26 07:40:29.858031','844','OfficeNetworkInfo object (844)',1,'[{\"added\": {}}]',9,2),(872,'2024-09-26 07:40:38.603942','845','OfficeNetworkInfo object (845)',1,'[{\"added\": {}}]',9,2),(873,'2024-09-26 07:40:48.593649','846','OfficeNetworkInfo object (846)',1,'[{\"added\": {}}]',9,2),(874,'2024-09-26 07:40:57.542123','847','OfficeNetworkInfo object (847)',1,'[{\"added\": {}}]',9,2),(875,'2024-09-26 07:41:05.874401','848','OfficeNetworkInfo object (848)',1,'[{\"added\": {}}]',9,2),(876,'2024-09-26 07:41:13.376950','849','OfficeNetworkInfo object (849)',1,'[{\"added\": {}}]',9,2),(877,'2024-09-26 07:41:21.667528','850','OfficeNetworkInfo object (850)',1,'[{\"added\": {}}]',9,2),(878,'2024-09-26 07:41:31.608725','851','OfficeNetworkInfo object (851)',1,'[{\"added\": {}}]',9,2),(879,'2024-09-26 07:41:41.844238','852','OfficeNetworkInfo object (852)',1,'[{\"added\": {}}]',9,2),(880,'2024-09-26 07:41:55.415777','853','OfficeNetworkInfo object (853)',1,'[{\"added\": {}}]',9,2),(881,'2024-09-26 07:42:12.760727','854','OfficeNetworkInfo object (854)',1,'[{\"added\": {}}]',9,2),(882,'2024-09-26 07:42:23.174229','855','OfficeNetworkInfo object (855)',1,'[{\"added\": {}}]',9,2),(883,'2024-09-26 07:42:32.523936','856','OfficeNetworkInfo object (856)',1,'[{\"added\": {}}]',9,2),(884,'2024-09-26 07:42:44.088543','857','OfficeNetworkInfo object (857)',1,'[{\"added\": {}}]',9,2),(885,'2024-09-26 07:42:52.488600','858','OfficeNetworkInfo object (858)',1,'[{\"added\": {}}]',9,2),(886,'2024-09-26 07:43:00.668560','859','OfficeNetworkInfo object (859)',1,'[{\"added\": {}}]',9,2),(887,'2024-09-26 07:43:13.985588','860','OfficeNetworkInfo object (860)',1,'[{\"added\": {}}]',9,2),(888,'2024-09-26 07:43:23.391273','861','OfficeNetworkInfo object (861)',1,'[{\"added\": {}}]',9,2),(889,'2024-09-26 07:43:52.146957','862','OfficeNetworkInfo object (862)',1,'[{\"added\": {}}]',9,2),(890,'2024-09-26 07:44:04.223886','863','OfficeNetworkInfo object (863)',1,'[{\"added\": {}}]',9,2),(891,'2024-09-26 07:44:13.722891','864','OfficeNetworkInfo object (864)',1,'[{\"added\": {}}]',9,2),(892,'2024-09-26 07:44:22.583535','865','OfficeNetworkInfo object (865)',1,'[{\"added\": {}}]',9,2),(893,'2024-09-26 07:44:32.485929','866','OfficeNetworkInfo object (866)',1,'[{\"added\": {}}]',9,2),(894,'2024-09-26 07:44:40.618374','867','OfficeNetworkInfo object (867)',1,'[{\"added\": {}}]',9,2),(895,'2024-09-26 07:44:48.781925','868','OfficeNetworkInfo object (868)',1,'[{\"added\": {}}]',9,2),(896,'2024-09-26 07:44:57.027917','869','OfficeNetworkInfo object (869)',1,'[{\"added\": {}}]',9,2),(897,'2024-09-26 07:45:04.542568','870','OfficeNetworkInfo object (870)',1,'[{\"added\": {}}]',9,2),(898,'2024-09-26 07:45:13.169970','871','OfficeNetworkInfo object (871)',1,'[{\"added\": {}}]',9,2),(899,'2024-09-26 07:45:22.183641','872','OfficeNetworkInfo object (872)',1,'[{\"added\": {}}]',9,2),(900,'2024-09-26 07:45:49.325167','873','OfficeNetworkInfo object (873)',1,'[{\"added\": {}}]',9,2),(901,'2024-09-26 07:46:05.760772','874','OfficeNetworkInfo object (874)',1,'[{\"added\": {}}]',9,2),(902,'2024-09-26 07:46:14.894735','875','OfficeNetworkInfo object (875)',1,'[{\"added\": {}}]',9,2),(903,'2024-09-26 07:46:23.983308','876','OfficeNetworkInfo object (876)',1,'[{\"added\": {}}]',9,2),(904,'2024-09-26 07:46:33.269755','877','OfficeNetworkInfo object (877)',1,'[{\"added\": {}}]',9,2),(905,'2024-09-26 07:46:43.135944','878','OfficeNetworkInfo object (878)',1,'[{\"added\": {}}]',9,2),(906,'2024-09-26 07:46:52.989528','879','OfficeNetworkInfo object (879)',1,'[{\"added\": {}}]',9,2),(907,'2024-09-26 07:47:01.759713','880','OfficeNetworkInfo object (880)',1,'[{\"added\": {}}]',9,2),(908,'2024-09-26 07:47:16.275680','881','OfficeNetworkInfo object (881)',1,'[{\"added\": {}}]',9,2),(909,'2024-09-26 07:47:29.873918','882','OfficeNetworkInfo object (882)',1,'[{\"added\": {}}]',9,2),(910,'2024-09-26 07:47:38.208074','883','OfficeNetworkInfo object (883)',1,'[{\"added\": {}}]',9,2),(911,'2024-09-26 07:47:45.978493','884','OfficeNetworkInfo object (884)',1,'[{\"added\": {}}]',9,2),(912,'2024-09-26 07:47:53.401904','885','OfficeNetworkInfo object (885)',1,'[{\"added\": {}}]',9,2),(913,'2024-09-26 07:48:05.203675','886','OfficeNetworkInfo object (886)',1,'[{\"added\": {}}]',9,2),(914,'2024-09-26 07:48:14.618381','887','OfficeNetworkInfo object (887)',1,'[{\"added\": {}}]',9,2),(915,'2024-09-26 07:48:23.415969','888','OfficeNetworkInfo object (888)',1,'[{\"added\": {}}]',9,2),(916,'2024-09-26 07:48:32.373631','889','OfficeNetworkInfo object (889)',1,'[{\"added\": {}}]',9,2),(917,'2024-09-26 07:48:45.978655','890','OfficeNetworkInfo object (890)',1,'[{\"added\": {}}]',9,2),(918,'2024-09-26 07:48:55.052541','891','OfficeNetworkInfo object (891)',1,'[{\"added\": {}}]',9,2),(919,'2024-09-26 07:49:04.336460','892','OfficeNetworkInfo object (892)',1,'[{\"added\": {}}]',9,2),(920,'2024-09-26 07:49:24.388186','893','OfficeNetworkInfo object (893)',1,'[{\"added\": {}}]',9,2),(921,'2024-09-26 07:49:34.185089','894','OfficeNetworkInfo object (894)',1,'[{\"added\": {}}]',9,2),(922,'2024-09-26 08:36:42.179327','895','OfficeNetworkInfo object (895)',1,'[{\"added\": {}}]',9,2),(923,'2024-09-26 08:36:50.918656','896','OfficeNetworkInfo object (896)',1,'[{\"added\": {}}]',9,2),(924,'2024-09-26 08:37:00.099845','897','OfficeNetworkInfo object (897)',1,'[{\"added\": {}}]',9,2),(925,'2024-09-26 08:37:09.374832','898','OfficeNetworkInfo object (898)',1,'[{\"added\": {}}]',9,2),(926,'2024-09-26 08:37:20.174101','899','OfficeNetworkInfo object (899)',1,'[{\"added\": {}}]',9,2),(927,'2024-09-26 08:37:29.358971','900','OfficeNetworkInfo object (900)',1,'[{\"added\": {}}]',9,2),(928,'2024-09-26 08:37:39.283576','901','OfficeNetworkInfo object (901)',1,'[{\"added\": {}}]',9,2),(929,'2024-09-26 08:37:49.242534','902','OfficeNetworkInfo object (902)',1,'[{\"added\": {}}]',9,2),(930,'2024-09-26 08:37:58.901503','903','OfficeNetworkInfo object (903)',1,'[{\"added\": {}}]',9,2),(931,'2024-09-26 08:38:07.142590','904','OfficeNetworkInfo object (904)',1,'[{\"added\": {}}]',9,2),(932,'2024-09-26 08:38:16.120925','905','OfficeNetworkInfo object (905)',1,'[{\"added\": {}}]',9,2),(933,'2024-09-26 08:38:25.150687','906','OfficeNetworkInfo object (906)',1,'[{\"added\": {}}]',9,2),(934,'2024-09-26 08:38:35.333096','907','OfficeNetworkInfo object (907)',1,'[{\"added\": {}}]',9,2),(935,'2024-09-26 08:38:45.117544','908','OfficeNetworkInfo object (908)',1,'[{\"added\": {}}]',9,2),(936,'2024-09-26 08:38:54.179757','909','OfficeNetworkInfo object (909)',1,'[{\"added\": {}}]',9,2),(937,'2024-09-26 08:39:03.176376','910','OfficeNetworkInfo object (910)',1,'[{\"added\": {}}]',9,2),(938,'2024-09-26 08:39:13.948032','911','OfficeNetworkInfo object (911)',1,'[{\"added\": {}}]',9,2),(939,'2024-09-26 08:39:23.373626','912','OfficeNetworkInfo object (912)',1,'[{\"added\": {}}]',9,2),(940,'2024-09-26 08:39:31.337685','913','OfficeNetworkInfo object (913)',1,'[{\"added\": {}}]',9,2),(941,'2024-09-26 08:39:39.214547','914','OfficeNetworkInfo object (914)',1,'[{\"added\": {}}]',9,2),(942,'2024-09-26 08:39:47.541519','915','OfficeNetworkInfo object (915)',1,'[{\"added\": {}}]',9,2),(943,'2024-09-26 08:39:55.431419','916','OfficeNetworkInfo object (916)',1,'[{\"added\": {}}]',9,2),(944,'2024-09-26 08:40:04.512149','917','OfficeNetworkInfo object (917)',1,'[{\"added\": {}}]',9,2),(945,'2024-09-26 08:40:13.276519','918','OfficeNetworkInfo object (918)',1,'[{\"added\": {}}]',9,2),(946,'2024-09-26 08:46:29.832624','15','SmartNetworkInfo object (15)',1,'[{\"added\": {}}]',10,2),(947,'2024-09-26 08:46:42.457133','16','SmartNetworkInfo object (16)',1,'[{\"added\": {}}]',10,2),(948,'2024-09-26 08:46:53.806482','17','SmartNetworkInfo object (17)',1,'[{\"added\": {}}]',10,2),(949,'2024-09-26 08:47:04.700979','18','SmartNetworkInfo object (18)',1,'[{\"added\": {}}]',10,2),(950,'2024-09-26 08:47:15.602625','19','SmartNetworkInfo object (19)',1,'[{\"added\": {}}]',10,2),(951,'2024-09-26 08:47:24.799846','20','SmartNetworkInfo object (20)',1,'[{\"added\": {}}]',10,2),(952,'2024-09-26 08:47:34.266653','21','SmartNetworkInfo object (21)',1,'[{\"added\": {}}]',10,2),(953,'2024-09-26 08:47:42.948805','22','SmartNetworkInfo object (22)',1,'[{\"added\": {}}]',10,2),(954,'2024-09-26 08:47:53.396205','23','SmartNetworkInfo object (23)',1,'[{\"added\": {}}]',10,2),(955,'2024-09-26 08:48:02.630498','24','SmartNetworkInfo object (24)',1,'[{\"added\": {}}]',10,2),(956,'2024-09-26 08:48:18.049034','25','SmartNetworkInfo object (25)',1,'[{\"added\": {}}]',10,2),(957,'2024-09-26 08:48:41.226483','26','SmartNetworkInfo object (26)',1,'[{\"added\": {}}]',10,2),(958,'2024-09-26 08:50:18.076947','27','SmartNetworkInfo object (27)',1,'[{\"added\": {}}]',10,2),(959,'2024-09-26 08:50:34.598282','28','SmartNetworkInfo object (28)',1,'[{\"added\": {}}]',10,2),(960,'2024-09-26 08:50:48.604372','29','SmartNetworkInfo object (29)',1,'[{\"added\": {}}]',10,2),(961,'2024-09-26 08:50:59.222179','30','SmartNetworkInfo object (30)',1,'[{\"added\": {}}]',10,2),(962,'2024-09-26 08:51:08.277430','31','SmartNetworkInfo object (31)',1,'[{\"added\": {}}]',10,2),(963,'2024-09-26 08:51:18.886268','32','SmartNetworkInfo object (32)',1,'[{\"added\": {}}]',10,2),(964,'2024-09-26 08:51:32.391909','33','SmartNetworkInfo object (33)',1,'[{\"added\": {}}]',10,2),(965,'2024-09-26 08:51:43.045815','34','SmartNetworkInfo object (34)',1,'[{\"added\": {}}]',10,2),(966,'2024-09-26 08:51:54.770742','35','SmartNetworkInfo object (35)',1,'[{\"added\": {}}]',10,2),(967,'2024-09-26 08:52:04.803039','36','SmartNetworkInfo object (36)',1,'[{\"added\": {}}]',10,2),(968,'2024-09-26 08:52:14.104079','37','SmartNetworkInfo object (37)',1,'[{\"added\": {}}]',10,2),(969,'2024-09-26 08:52:24.682025','38','SmartNetworkInfo object (38)',1,'[{\"added\": {}}]',10,2),(970,'2024-09-26 08:52:33.638583','39','SmartNetworkInfo object (39)',1,'[{\"added\": {}}]',10,2),(971,'2024-09-26 08:53:06.693211','40','SmartNetworkInfo object (40)',1,'[{\"added\": {}}]',10,2),(972,'2024-09-26 08:53:19.050791','41','SmartNetworkInfo object (41)',1,'[{\"added\": {}}]',10,2),(973,'2024-09-26 08:53:52.550991','42','SmartNetworkInfo object (42)',1,'[{\"added\": {}}]',10,2),(974,'2024-09-26 08:54:04.042807','43','SmartNetworkInfo object (43)',1,'[{\"added\": {}}]',10,2),(975,'2024-09-26 08:54:15.606547','44','SmartNetworkInfo object (44)',1,'[{\"added\": {}}]',10,2),(976,'2024-09-26 08:54:29.270532','45','SmartNetworkInfo object (45)',1,'[{\"added\": {}}]',10,2),(977,'2024-09-26 08:54:41.050701','46','SmartNetworkInfo object (46)',1,'[{\"added\": {}}]',10,2),(978,'2024-09-26 08:54:52.842557','47','SmartNetworkInfo object (47)',1,'[{\"added\": {}}]',10,2),(979,'2024-09-26 08:55:03.507478','48','SmartNetworkInfo object (48)',1,'[{\"added\": {}}]',10,2),(980,'2024-09-26 08:55:17.413475','49','SmartNetworkInfo object (49)',1,'[{\"added\": {}}]',10,2),(981,'2024-09-26 08:55:33.131513','50','SmartNetworkInfo object (50)',1,'[{\"added\": {}}]',10,2),(982,'2024-09-26 08:56:43.331364','51','SmartNetworkInfo object (51)',1,'[{\"added\": {}}]',10,2),(983,'2024-09-26 08:57:14.937527','52','SmartNetworkInfo object (52)',1,'[{\"added\": {}}]',10,2),(984,'2024-09-26 08:57:27.963621','53','SmartNetworkInfo object (53)',1,'[{\"added\": {}}]',10,2),(985,'2024-09-26 08:57:38.190817','54','SmartNetworkInfo object (54)',1,'[{\"added\": {}}]',10,2),(986,'2024-09-26 08:57:48.473131','55','SmartNetworkInfo object (55)',1,'[{\"added\": {}}]',10,2),(987,'2024-09-26 08:58:02.363223','56','SmartNetworkInfo object (56)',1,'[{\"added\": {}}]',10,2),(988,'2024-09-26 08:58:12.571215','57','SmartNetworkInfo object (57)',1,'[{\"added\": {}}]',10,2),(989,'2024-09-26 08:58:26.053385','58','SmartNetworkInfo object (58)',1,'[{\"added\": {}}]',10,2),(990,'2024-09-26 08:58:35.588044','59','SmartNetworkInfo object (59)',1,'[{\"added\": {}}]',10,2),(991,'2024-09-26 08:58:45.995383','60','SmartNetworkInfo object (60)',1,'[{\"added\": {}}]',10,2),(992,'2024-09-26 08:58:56.013559','61','SmartNetworkInfo object (61)',1,'[{\"added\": {}}]',10,2),(993,'2024-09-26 08:59:08.692926','62','SmartNetworkInfo object (62)',1,'[{\"added\": {}}]',10,2),(994,'2024-09-26 08:59:18.706532','63','SmartNetworkInfo object (63)',1,'[{\"added\": {}}]',10,2),(995,'2024-09-26 08:59:32.666247','64','SmartNetworkInfo object (64)',1,'[{\"added\": {}}]',10,2),(996,'2024-09-26 09:00:20.529847','65','SmartNetworkInfo object (65)',1,'[{\"added\": {}}]',10,2),(997,'2024-09-26 09:00:30.756448','66','SmartNetworkInfo object (66)',1,'[{\"added\": {}}]',10,2),(998,'2024-09-26 09:00:40.843110','67','SmartNetworkInfo object (67)',1,'[{\"added\": {}}]',10,2),(999,'2024-09-26 09:00:50.551522','68','SmartNetworkInfo object (68)',1,'[{\"added\": {}}]',10,2),(1000,'2024-09-26 09:01:00.160541','69','SmartNetworkInfo object (69)',1,'[{\"added\": {}}]',10,2),(1001,'2024-09-26 09:01:11.239589','70','SmartNetworkInfo object (70)',1,'[{\"added\": {}}]',10,2),(1002,'2024-09-26 09:01:27.522001','71','SmartNetworkInfo object (71)',1,'[{\"added\": {}}]',10,2),(1003,'2024-09-26 09:02:19.895769','72','SmartNetworkInfo object (72)',1,'[{\"added\": {}}]',10,2),(1004,'2024-09-26 09:02:37.576471','73','SmartNetworkInfo object (73)',1,'[{\"added\": {}}]',10,2),(1005,'2024-09-26 09:03:00.336622','74','SmartNetworkInfo object (74)',1,'[{\"added\": {}}]',10,2),(1006,'2024-09-26 09:03:09.870946','75','SmartNetworkInfo object (75)',1,'[{\"added\": {}}]',10,2),(1007,'2024-09-26 09:03:45.256802','76','SmartNetworkInfo object (76)',1,'[{\"added\": {}}]',10,2),(1008,'2024-09-26 09:03:57.065836','77','SmartNetworkInfo object (77)',1,'[{\"added\": {}}]',10,2),(1009,'2024-09-26 09:05:54.381991','78','SmartNetworkInfo object (78)',1,'[{\"added\": {}}]',10,2),(1010,'2024-09-26 09:06:04.005828','79','SmartNetworkInfo object (79)',1,'[{\"added\": {}}]',10,2),(1011,'2024-09-26 09:06:25.607678','80','SmartNetworkInfo object (80)',1,'[{\"added\": {}}]',10,2),(1012,'2024-09-26 09:06:48.659999','81','SmartNetworkInfo object (81)',1,'[{\"added\": {}}]',10,2),(1013,'2024-09-26 09:07:11.050622','82','SmartNetworkInfo object (82)',1,'[{\"added\": {}}]',10,2),(1014,'2024-09-26 09:07:32.562603','83','SmartNetworkInfo object (83)',1,'[{\"added\": {}}]',10,2),(1015,'2024-09-26 09:07:43.443234','84','SmartNetworkInfo object (84)',1,'[{\"added\": {}}]',10,2),(1016,'2024-09-26 09:08:02.200048','85','SmartNetworkInfo object (85)',1,'[{\"added\": {}}]',10,2),(1017,'2024-09-26 09:08:11.580049','86','SmartNetworkInfo object (86)',1,'[{\"added\": {}}]',10,2),(1018,'2024-09-26 09:08:21.941354','87','SmartNetworkInfo object (87)',1,'[{\"added\": {}}]',10,2),(1019,'2024-09-26 09:08:32.669185','88','SmartNetworkInfo object (88)',1,'[{\"added\": {}}]',10,2),(1020,'2024-09-26 09:08:44.351861','89','SmartNetworkInfo object (89)',1,'[{\"added\": {}}]',10,2),(1021,'2024-09-26 09:09:41.130378','90','SmartNetworkInfo object (90)',1,'[{\"added\": {}}]',10,2),(1022,'2024-09-26 09:10:26.009784','91','SmartNetworkInfo object (91)',1,'[{\"added\": {}}]',10,2),(1023,'2024-09-26 09:10:35.416457','92','SmartNetworkInfo object (92)',1,'[{\"added\": {}}]',10,2),(1024,'2024-09-26 09:10:45.553444','93','SmartNetworkInfo object (93)',1,'[{\"added\": {}}]',10,2),(1025,'2024-09-26 09:10:55.884955','94','SmartNetworkInfo object (94)',1,'[{\"added\": {}}]',10,2),(1026,'2024-09-26 09:11:07.599277','95','SmartNetworkInfo object (95)',1,'[{\"added\": {}}]',10,2),(1027,'2024-09-26 09:11:21.840930','96','SmartNetworkInfo object (96)',1,'[{\"added\": {}}]',10,2),(1028,'2024-09-26 09:11:36.188764','97','SmartNetworkInfo object (97)',1,'[{\"added\": {}}]',10,2),(1029,'2024-09-26 09:11:47.513437','98','SmartNetworkInfo object (98)',1,'[{\"added\": {}}]',10,2),(1030,'2024-09-26 09:11:57.633556','99','SmartNetworkInfo object (99)',1,'[{\"added\": {}}]',10,2),(1031,'2024-09-26 09:12:07.384000','100','SmartNetworkInfo object (100)',1,'[{\"added\": {}}]',10,2),(1032,'2024-09-26 09:12:20.221942','101','SmartNetworkInfo object (101)',1,'[{\"added\": {}}]',10,2),(1033,'2024-09-26 09:12:30.385403','102','SmartNetworkInfo object (102)',1,'[{\"added\": {}}]',10,2),(1034,'2024-09-26 09:12:40.749554','103','SmartNetworkInfo object (103)',1,'[{\"added\": {}}]',10,2),(1035,'2024-09-26 09:12:50.916545','104','SmartNetworkInfo object (104)',1,'[{\"added\": {}}]',10,2),(1036,'2024-09-26 09:13:00.687668','105','SmartNetworkInfo object (105)',1,'[{\"added\": {}}]',10,2),(1037,'2024-09-26 09:13:09.791717','106','SmartNetworkInfo object (106)',1,'[{\"added\": {}}]',10,2),(1038,'2024-09-26 09:13:20.405999','107','SmartNetworkInfo object (107)',1,'[{\"added\": {}}]',10,2),(1039,'2024-09-26 09:13:58.871493','108','SmartNetworkInfo object (108)',1,'[{\"added\": {}}]',10,2),(1040,'2024-09-26 09:14:13.983940','109','SmartNetworkInfo object (109)',1,'[{\"added\": {}}]',10,2),(1041,'2024-09-26 09:14:29.870649','110','SmartNetworkInfo object (110)',1,'[{\"added\": {}}]',10,2),(1042,'2024-09-26 09:14:40.462373','111','SmartNetworkInfo object (111)',1,'[{\"added\": {}}]',10,2),(1043,'2024-09-26 09:15:21.095707','112','SmartNetworkInfo object (112)',1,'[{\"added\": {}}]',10,2),(1044,'2024-09-26 09:15:31.817375','113','SmartNetworkInfo object (113)',1,'[{\"added\": {}}]',10,2),(1045,'2024-09-26 09:16:04.286813','114','SmartNetworkInfo object (114)',1,'[{\"added\": {}}]',10,2),(1046,'2024-09-26 09:16:13.660969','115','SmartNetworkInfo object (115)',1,'[{\"added\": {}}]',10,2),(1047,'2024-09-26 09:16:26.347177','116','SmartNetworkInfo object (116)',1,'[{\"added\": {}}]',10,2),(1048,'2024-09-26 09:16:35.724602','117','SmartNetworkInfo object (117)',1,'[{\"added\": {}}]',10,2),(1049,'2024-09-26 09:16:44.277113','118','SmartNetworkInfo object (118)',1,'[{\"added\": {}}]',10,2),(1050,'2024-09-26 09:16:53.749269','119','SmartNetworkInfo object (119)',1,'[{\"added\": {}}]',10,2),(1051,'2024-09-26 09:18:18.891679','120','SmartNetworkInfo object (120)',1,'[{\"added\": {}}]',10,2),(1052,'2024-09-26 09:19:13.780098','121','SmartNetworkInfo object (121)',1,'[{\"added\": {}}]',10,2),(1053,'2024-09-26 09:19:30.348326','122','SmartNetworkInfo object (122)',1,'[{\"added\": {}}]',10,2),(1054,'2024-09-26 09:19:40.436629','123','SmartNetworkInfo object (123)',1,'[{\"added\": {}}]',10,2),(1055,'2024-09-26 09:19:50.773592','124','SmartNetworkInfo object (124)',1,'[{\"added\": {}}]',10,2),(1056,'2024-09-26 09:20:03.205451','125','SmartNetworkInfo object (125)',1,'[{\"added\": {}}]',10,2),(1057,'2024-09-26 09:20:13.456803','126','SmartNetworkInfo object (126)',1,'[{\"added\": {}}]',10,2),(1058,'2024-09-26 09:20:31.875711','127','SmartNetworkInfo object (127)',1,'[{\"added\": {}}]',10,2),(1059,'2024-09-26 09:20:44.121941','128','SmartNetworkInfo object (128)',1,'[{\"added\": {}}]',10,2),(1060,'2024-09-26 09:20:54.329787','129','SmartNetworkInfo object (129)',1,'[{\"added\": {}}]',10,2),(1061,'2024-09-26 09:21:04.369899','130','SmartNetworkInfo object (130)',1,'[{\"added\": {}}]',10,2),(1062,'2024-09-26 09:21:19.070591','131','SmartNetworkInfo object (131)',1,'[{\"added\": {}}]',10,2),(1063,'2024-09-26 09:21:28.315539','132','SmartNetworkInfo object (132)',1,'[{\"added\": {}}]',10,2),(1064,'2024-09-26 09:21:37.630667','133','SmartNetworkInfo object (133)',1,'[{\"added\": {}}]',10,2),(1065,'2024-09-26 09:21:47.596284','134','SmartNetworkInfo object (134)',1,'[{\"added\": {}}]',10,2),(1066,'2024-09-26 09:21:57.299246','135','SmartNetworkInfo object (135)',1,'[{\"added\": {}}]',10,2),(1067,'2024-09-26 09:22:08.341398','136','SmartNetworkInfo object (136)',1,'[{\"added\": {}}]',10,2),(1068,'2024-09-26 09:22:18.189457','137','SmartNetworkInfo object (137)',1,'[{\"added\": {}}]',10,2),(1069,'2024-09-26 09:22:28.777899','138','SmartNetworkInfo object (138)',1,'[{\"added\": {}}]',10,2),(1070,'2024-09-26 09:22:38.656492','139','SmartNetworkInfo object (139)',1,'[{\"added\": {}}]',10,2),(1071,'2024-09-26 09:22:48.104812','140','SmartNetworkInfo object (140)',1,'[{\"added\": {}}]',10,2),(1072,'2024-09-26 09:22:59.154415','141','SmartNetworkInfo object (141)',1,'[{\"added\": {}}]',10,2),(1073,'2024-09-26 09:23:08.362135','142','SmartNetworkInfo object (142)',1,'[{\"added\": {}}]',10,2),(1074,'2024-09-26 09:23:17.604875','143','SmartNetworkInfo object (143)',1,'[{\"added\": {}}]',10,2),(1075,'2024-09-26 09:23:34.014391','143','SmartNetworkInfo object (143)',2,'[{\"changed\": {\"fields\": [\"\\u4ea4\\u6362\\u673a\\u7aef\\u53e3\"]}}]',10,1),(1076,'2024-09-26 09:23:52.003195','143','SmartNetworkInfo object (143)',2,'[{\"changed\": {\"fields\": [\"\\u4ea4\\u6362\\u673a\\u7aef\\u53e3\"]}}]',10,2),(1077,'2024-09-26 09:28:25.265532','144','SmartNetworkInfo object (144)',1,'[{\"added\": {}}]',10,2),(1078,'2024-09-26 09:29:36.202737','145','SmartNetworkInfo object (145)',1,'[{\"added\": {}}]',10,2),(1079,'2024-09-26 09:29:58.535847','146','SmartNetworkInfo object (146)',1,'[{\"added\": {}}]',10,2),(1080,'2024-09-26 09:30:10.117548','147','SmartNetworkInfo object (147)',1,'[{\"added\": {}}]',10,2),(1081,'2024-09-26 09:30:20.143194','148','SmartNetworkInfo object (148)',1,'[{\"added\": {}}]',10,2),(1082,'2024-09-26 09:30:29.835603','149','SmartNetworkInfo object (149)',1,'[{\"added\": {}}]',10,2),(1083,'2024-09-26 09:30:39.737990','150','SmartNetworkInfo object (150)',1,'[{\"added\": {}}]',10,2),(1084,'2024-09-26 09:30:51.347183','151','SmartNetworkInfo object (151)',1,'[{\"added\": {}}]',10,2),(1085,'2024-09-26 09:31:01.384048','152','SmartNetworkInfo object (152)',1,'[{\"added\": {}}]',10,2),(1086,'2024-09-26 09:31:11.754704','153','SmartNetworkInfo object (153)',1,'[{\"added\": {}}]',10,2),(1087,'2024-09-26 09:31:34.187660','154','SmartNetworkInfo object (154)',1,'[{\"added\": {}}]',10,2),(1088,'2024-09-26 09:31:51.316254','155','SmartNetworkInfo object (155)',1,'[{\"added\": {}}]',10,2),(1089,'2024-09-26 09:32:05.218399','156','SmartNetworkInfo object (156)',1,'[{\"added\": {}}]',10,2),(1090,'2024-09-26 09:32:14.929906','157','SmartNetworkInfo object (157)',1,'[{\"added\": {}}]',10,2),(1091,'2024-09-26 09:32:47.997742','158','SmartNetworkInfo object (158)',1,'[{\"added\": {}}]',10,2),(1092,'2024-09-26 09:32:58.041241','159','SmartNetworkInfo object (159)',1,'[{\"added\": {}}]',10,2),(1093,'2024-09-26 09:33:08.615129','160','SmartNetworkInfo object (160)',1,'[{\"added\": {}}]',10,2),(1094,'2024-09-26 09:33:20.673481','161','SmartNetworkInfo object (161)',1,'[{\"added\": {}}]',10,2),(1095,'2024-09-26 09:33:29.997428','162','SmartNetworkInfo object (162)',1,'[{\"added\": {}}]',10,2),(1096,'2024-09-26 09:33:43.109773','163','SmartNetworkInfo object (163)',1,'[{\"added\": {}}]',10,2),(1097,'2024-09-26 09:33:53.972983','164','SmartNetworkInfo object (164)',1,'[{\"added\": {}}]',10,2),(1098,'2024-09-26 09:34:03.039517','165','SmartNetworkInfo object (165)',1,'[{\"added\": {}}]',10,2),(1099,'2024-09-26 09:36:30.386618','166','SmartNetworkInfo object (166)',1,'[{\"added\": {}}]',10,2),(1100,'2024-09-26 09:36:42.281241','167','SmartNetworkInfo object (167)',1,'[{\"added\": {}}]',10,2),(1101,'2024-09-26 09:37:33.934677','168','SmartNetworkInfo object (168)',1,'[{\"added\": {}}]',10,2),(1102,'2024-09-26 09:37:59.800363','169','SmartNetworkInfo object (169)',1,'[{\"added\": {}}]',10,2),(1103,'2024-09-26 09:38:11.416674','170','SmartNetworkInfo object (170)',1,'[{\"added\": {}}]',10,2),(1104,'2024-09-26 09:38:22.490184','171','SmartNetworkInfo object (171)',1,'[{\"added\": {}}]',10,2),(1105,'2024-09-26 09:38:33.915074','172','SmartNetworkInfo object (172)',1,'[{\"added\": {}}]',10,2),(1106,'2024-09-26 09:38:44.356156','173','SmartNetworkInfo object (173)',1,'[{\"added\": {}}]',10,2),(1107,'2024-09-26 09:38:54.197035','174','SmartNetworkInfo object (174)',1,'[{\"added\": {}}]',10,2),(1108,'2024-09-26 09:39:04.708685','175','SmartNetworkInfo object (175)',1,'[{\"added\": {}}]',10,2),(1109,'2024-09-26 09:54:38.780799','176','SmartNetworkInfo object (176)',1,'[{\"added\": {}}]',10,2),(1110,'2024-09-26 09:54:49.145640','177','SmartNetworkInfo object (177)',1,'[{\"added\": {}}]',10,2),(1111,'2024-09-26 09:54:58.572225','178','SmartNetworkInfo object (178)',1,'[{\"added\": {}}]',10,2),(1112,'2024-09-26 09:55:08.143197','179','SmartNetworkInfo object (179)',1,'[{\"added\": {}}]',10,2),(1113,'2024-09-26 09:55:17.482280','180','SmartNetworkInfo object (180)',1,'[{\"added\": {}}]',10,2),(1114,'2024-09-26 09:55:27.246923','181','SmartNetworkInfo object (181)',1,'[{\"added\": {}}]',10,2),(1115,'2024-09-26 09:55:38.312208','182','SmartNetworkInfo object (182)',1,'[{\"added\": {}}]',10,2),(1116,'2024-09-26 09:55:48.297492','183','SmartNetworkInfo object (183)',1,'[{\"added\": {}}]',10,2),(1117,'2024-09-26 09:55:58.255417','184','SmartNetworkInfo object (184)',1,'[{\"added\": {}}]',10,2),(1118,'2024-09-26 09:56:07.820579','185','SmartNetworkInfo object (185)',1,'[{\"added\": {}}]',10,2),(1119,'2024-09-26 09:56:21.590395','186','SmartNetworkInfo object (186)',1,'[{\"added\": {}}]',10,2),(1120,'2024-09-26 09:56:30.470247','187','SmartNetworkInfo object (187)',1,'[{\"added\": {}}]',10,2),(1121,'2024-09-26 09:56:41.185715','188','SmartNetworkInfo object (188)',1,'[{\"added\": {}}]',10,2),(1122,'2024-09-26 09:56:59.370012','189','SmartNetworkInfo object (189)',1,'[{\"added\": {}}]',10,2),(1123,'2024-09-26 09:57:20.477507','190','SmartNetworkInfo object (190)',1,'[{\"added\": {}}]',10,2),(1124,'2024-09-26 10:01:48.502762','191','SmartNetworkInfo object (191)',1,'[{\"added\": {}}]',10,2),(1125,'2024-09-26 10:02:01.868842','192','SmartNetworkInfo object (192)',1,'[{\"added\": {}}]',10,2),(1126,'2024-09-26 10:02:12.462141','193','SmartNetworkInfo object (193)',1,'[{\"added\": {}}]',10,2),(1127,'2024-09-26 10:02:22.624569','194','SmartNetworkInfo object (194)',1,'[{\"added\": {}}]',10,2),(1128,'2024-09-26 10:02:32.598380','195','SmartNetworkInfo object (195)',1,'[{\"added\": {}}]',10,2),(1129,'2024-09-26 10:02:43.532816','196','SmartNetworkInfo object (196)',1,'[{\"added\": {}}]',10,2),(1130,'2024-09-26 10:02:56.414684','197','SmartNetworkInfo object (197)',1,'[{\"added\": {}}]',10,2),(1131,'2024-09-26 10:03:07.313691','198','SmartNetworkInfo object (198)',1,'[{\"added\": {}}]',10,2),(1132,'2024-09-26 10:03:17.831607','199','SmartNetworkInfo object (199)',1,'[{\"added\": {}}]',10,2),(1133,'2024-09-26 10:03:28.386344','200','SmartNetworkInfo object (200)',1,'[{\"added\": {}}]',10,2),(1134,'2024-09-26 10:04:08.143042','201','SmartNetworkInfo object (201)',1,'[{\"added\": {}}]',10,2),(1135,'2024-09-26 10:04:18.732582','202','SmartNetworkInfo object (202)',1,'[{\"added\": {}}]',10,2),(1136,'2024-09-26 10:04:30.188874','203','SmartNetworkInfo object (203)',1,'[{\"added\": {}}]',10,2),(1137,'2024-09-26 10:04:43.133265','204','SmartNetworkInfo object (204)',1,'[{\"added\": {}}]',10,2),(1138,'2024-09-26 10:04:55.498790','205','SmartNetworkInfo object (205)',1,'[{\"added\": {}}]',10,2),(1139,'2024-09-26 10:05:06.602395','206','SmartNetworkInfo object (206)',1,'[{\"added\": {}}]',10,2),(1140,'2024-09-26 10:05:17.323868','207','SmartNetworkInfo object (207)',1,'[{\"added\": {}}]',10,2),(1141,'2024-09-26 10:05:28.181965','208','SmartNetworkInfo object (208)',1,'[{\"added\": {}}]',10,2),(1142,'2024-09-26 10:05:39.131297','209','SmartNetworkInfo object (209)',1,'[{\"added\": {}}]',10,2),(1143,'2024-09-26 10:05:48.764694','210','SmartNetworkInfo object (210)',1,'[{\"added\": {}}]',10,2),(1144,'2024-09-26 10:05:59.401661','211','SmartNetworkInfo object (211)',1,'[{\"added\": {}}]',10,2),(1145,'2024-09-26 10:08:14.025604','212','SmartNetworkInfo object (212)',1,'[{\"added\": {}}]',10,2),(1146,'2024-09-26 10:08:28.536232','213','SmartNetworkInfo object (213)',1,'[{\"added\": {}}]',10,2),(1147,'2024-09-26 10:08:38.546071','214','SmartNetworkInfo object (214)',1,'[{\"added\": {}}]',10,2),(1148,'2024-09-26 10:08:48.817453','215','SmartNetworkInfo object (215)',1,'[{\"added\": {}}]',10,2),(1149,'2024-09-26 10:08:59.180973','216','SmartNetworkInfo object (216)',1,'[{\"added\": {}}]',10,2),(1150,'2024-09-26 10:09:09.526022','217','SmartNetworkInfo object (217)',1,'[{\"added\": {}}]',10,2),(1151,'2024-09-26 10:09:21.532663','218','SmartNetworkInfo object (218)',1,'[{\"added\": {}}]',10,2),(1152,'2024-09-26 10:09:32.365731','219','SmartNetworkInfo object (219)',1,'[{\"added\": {}}]',10,2),(1153,'2024-09-26 10:09:43.789967','220','SmartNetworkInfo object (220)',1,'[{\"added\": {}}]',10,2),(1154,'2024-09-26 10:09:53.948675','221','SmartNetworkInfo object (221)',1,'[{\"added\": {}}]',10,2),(1155,'2024-09-26 10:10:04.507676','222','SmartNetworkInfo object (222)',1,'[{\"added\": {}}]',10,2),(1156,'2024-09-26 10:10:13.645786','223','SmartNetworkInfo object (223)',1,'[{\"added\": {}}]',10,2),(1157,'2024-09-26 10:10:23.143024','224','SmartNetworkInfo object (224)',1,'[{\"added\": {}}]',10,2),(1158,'2024-09-26 10:10:33.191193','225','SmartNetworkInfo object (225)',1,'[{\"added\": {}}]',10,2),(1159,'2024-09-26 10:10:43.745928','226','SmartNetworkInfo object (226)',1,'[{\"added\": {}}]',10,2),(1160,'2024-09-26 10:10:54.057153','227','SmartNetworkInfo object (227)',1,'[{\"added\": {}}]',10,2),(1161,'2024-09-26 10:11:18.211490','228','SmartNetworkInfo object (228)',1,'[{\"added\": {}}]',10,2),(1162,'2024-09-26 10:11:29.623581','229','SmartNetworkInfo object (229)',1,'[{\"added\": {}}]',10,2),(1163,'2024-09-26 10:11:39.837503','230','SmartNetworkInfo object (230)',1,'[{\"added\": {}}]',10,2),(1164,'2024-09-26 10:11:50.121089','231','SmartNetworkInfo object (231)',1,'[{\"added\": {}}]',10,2),(1165,'2024-09-26 10:11:59.324703','232','SmartNetworkInfo object (232)',1,'[{\"added\": {}}]',10,2),(1166,'2024-09-26 10:12:08.882203','233','SmartNetworkInfo object (233)',1,'[{\"added\": {}}]',10,2),(1167,'2024-09-26 10:12:18.746570','234','SmartNetworkInfo object (234)',1,'[{\"added\": {}}]',10,2),(1168,'2024-09-26 10:12:48.280784','235','SmartNetworkInfo object (235)',1,'[{\"added\": {}}]',10,2),(1169,'2024-09-26 10:13:20.862613','236','SmartNetworkInfo object (236)',1,'[{\"added\": {}}]',10,2),(1170,'2024-09-26 10:13:31.903113','237','SmartNetworkInfo object (237)',1,'[{\"added\": {}}]',10,2),(1171,'2024-09-26 10:13:43.772161','238','SmartNetworkInfo object (238)',1,'[{\"added\": {}}]',10,2),(1172,'2024-09-26 10:13:58.594155','239','SmartNetworkInfo object (239)',1,'[{\"added\": {}}]',10,2),(1173,'2024-09-26 10:14:16.217845','238','SmartNetworkInfo object (238)',2,'[{\"changed\": {\"fields\": [\"\\u4ea4\\u6362\\u673a\\u7ba1\\u7406IP\"]}}]',10,1),(1174,'2024-09-26 10:15:10.739254','240','SmartNetworkInfo object (240)',1,'[{\"added\": {}}]',10,2),(1175,'2024-09-26 10:15:37.515748','241','SmartNetworkInfo object (241)',1,'[{\"added\": {}}]',10,2),(1176,'2024-09-26 10:15:52.478998','242','SmartNetworkInfo object (242)',1,'[{\"added\": {}}]',10,2),(1177,'2024-09-26 10:16:02.195278','243','SmartNetworkInfo object (243)',1,'[{\"added\": {}}]',10,2),(1178,'2024-09-26 10:16:12.444844','244','SmartNetworkInfo object (244)',1,'[{\"added\": {}}]',10,2),(1179,'2024-09-26 10:16:25.296356','245','SmartNetworkInfo object (245)',1,'[{\"added\": {}}]',10,2),(1180,'2024-09-26 10:16:35.782609','246','SmartNetworkInfo object (246)',1,'[{\"added\": {}}]',10,2),(1181,'2024-09-26 10:16:47.530695','247','SmartNetworkInfo object (247)',1,'[{\"added\": {}}]',10,2),(1182,'2024-09-26 10:16:58.149791','248','SmartNetworkInfo object (248)',1,'[{\"added\": {}}]',10,2),(1183,'2024-09-26 10:17:09.315450','249','SmartNetworkInfo object (249)',1,'[{\"added\": {}}]',10,2),(1184,'2024-09-26 10:17:20.330690','250','SmartNetworkInfo object (250)',1,'[{\"added\": {}}]',10,2),(1185,'2024-09-26 10:17:29.906248','251','SmartNetworkInfo object (251)',1,'[{\"added\": {}}]',10,2),(1186,'2024-09-26 10:17:39.462016','252','SmartNetworkInfo object (252)',1,'[{\"added\": {}}]',10,2),(1187,'2024-09-26 10:17:49.738042','253','SmartNetworkInfo object (253)',1,'[{\"added\": {}}]',10,2),(1188,'2024-09-26 10:18:21.477871','254','SmartNetworkInfo object (254)',1,'[{\"added\": {}}]',10,2),(1189,'2024-09-26 10:18:32.354691','255','SmartNetworkInfo object (255)',1,'[{\"added\": {}}]',10,2),(1190,'2024-09-26 10:18:42.287458','256','SmartNetworkInfo object (256)',1,'[{\"added\": {}}]',10,2),(1191,'2024-09-26 10:18:52.890435','257','SmartNetworkInfo object (257)',1,'[{\"added\": {}}]',10,2),(1192,'2024-09-26 10:19:04.857565','258','SmartNetworkInfo object (258)',1,'[{\"added\": {}}]',10,2),(1193,'2024-09-26 10:19:15.373251','259','SmartNetworkInfo object (259)',1,'[{\"added\": {}}]',10,2),(1194,'2024-09-26 10:19:25.757505','260','SmartNetworkInfo object (260)',1,'[{\"added\": {}}]',10,2),(1195,'2024-09-26 10:19:35.541624','261','SmartNetworkInfo object (261)',1,'[{\"added\": {}}]',10,2),(1196,'2024-09-26 10:19:45.874248','262','SmartNetworkInfo object (262)',1,'[{\"added\": {}}]',10,2),(1197,'2024-09-26 10:19:55.748822','263','SmartNetworkInfo object (263)',1,'[{\"added\": {}}]',10,2),(1198,'2024-09-26 10:20:14.968271','264','SmartNetworkInfo object (264)',1,'[{\"added\": {}}]',10,2),(1199,'2024-09-26 10:20:28.884657','265','SmartNetworkInfo object (265)',1,'[{\"added\": {}}]',10,2),(1200,'2024-09-26 10:20:40.033244','266','SmartNetworkInfo object (266)',1,'[{\"added\": {}}]',10,2),(1201,'2024-09-26 10:20:50.062240','267','SmartNetworkInfo object (267)',1,'[{\"added\": {}}]',10,2),(1202,'2024-09-26 10:21:19.978117','268','SmartNetworkInfo object (268)',1,'[{\"added\": {}}]',10,2),(1203,'2024-09-27 02:49:47.685395','6','SystemLogin object (6)',2,'[{\"changed\": {\"fields\": [\"\\u7cfb\\u7edfLOGO\"]}}]',8,1),(1204,'2024-09-27 08:39:22.186514','44','APInfo object (44)',2,'[{\"changed\": {\"fields\": [\"\\u4f4d\\u7f6e\"]}}]',7,1),(1205,'2024-09-27 08:44:29.647500','45','APInfo object (45)',2,'[{\"changed\": {\"fields\": [\"\\u4f4d\\u7f6e\"]}}]',7,1),(1206,'2024-09-29 07:29:38.709869','1','PhoneList object (1)',1,'[{\"added\": {}}]',11,1),(1207,'2024-09-29 08:57:45.975385','2','PhoneList object (2)',1,'[{\"added\": {}}]',11,1),(1208,'2024-09-29 08:58:05.493791','2','PhoneList object (2)',2,'[{\"changed\": {\"fields\": [\"\\u5907\\u6ce8\"]}}]',11,1),(1209,'2024-09-29 08:58:27.095001','1','PhoneList object (1)',2,'[{\"changed\": {\"fields\": [\"\\u5907\\u6ce8\"]}}]',11,1),(1210,'2024-09-29 08:59:31.234310','3','PhoneList object (3)',1,'[{\"added\": {}}]',11,1),(1211,'2024-09-29 09:01:43.568944','4','PhoneList object (4)',1,'[{\"added\": {}}]',11,1),(1212,'2024-09-29 09:02:49.599484','5','PhoneList object (5)',1,'[{\"added\": {}}]',11,1),(1213,'2024-09-29 09:03:49.893206','6','PhoneList object (6)',1,'[{\"added\": {}}]',11,1),(1214,'2024-09-29 09:07:36.656460','7','PhoneList object (7)',1,'[{\"added\": {}}]',11,1),(1215,'2024-09-29 09:08:50.488746','8','PhoneList object (8)',1,'[{\"added\": {}}]',11,1),(1216,'2024-09-29 09:10:41.762404','9','PhoneList object (9)',1,'[{\"added\": {}}]',11,1),(1217,'2024-09-29 09:12:04.126828','10','PhoneList object (10)',1,'[{\"added\": {}}]',11,1),(1218,'2024-09-29 09:12:40.711289','11','PhoneList object (11)',1,'[{\"added\": {}}]',11,1),(1219,'2024-09-29 09:55:02.300018','12','PhoneList object (12)',1,'[{\"added\": {}}]',11,1),(1220,'2024-09-30 03:01:41.939592','1','WifiInfo object (1)',1,'[{\"added\": {}}]',12,1),(1221,'2024-09-30 03:02:16.677039','2','WifiInfo object (2)',1,'[{\"added\": {}}]',12,1),(1222,'2024-09-30 03:02:35.997295','3','WifiInfo object (3)',1,'[{\"added\": {}}]',12,1),(1223,'2024-09-30 03:03:21.405118','4','WifiInfo object (4)',1,'[{\"added\": {}}]',12,1),(1224,'2024-09-30 03:03:39.697666','5','WifiInfo object (5)',1,'[{\"added\": {}}]',12,1),(1225,'2024-09-30 03:04:16.982719','6','WifiInfo object (6)',1,'[{\"added\": {}}]',12,1),(1226,'2024-09-30 03:04:39.266532','7','WifiInfo object (7)',1,'[{\"added\": {}}]',12,1),(1227,'2024-09-30 03:05:03.308026','8','WifiInfo object (8)',1,'[{\"added\": {}}]',12,1),(1228,'2024-09-30 03:05:24.539967','9','WifiInfo object (9)',1,'[{\"added\": {}}]',12,1),(1229,'2024-09-30 03:05:56.134643','10','WifiInfo object (10)',1,'[{\"added\": {}}]',12,1),(1230,'2024-09-30 03:06:33.795568','11','WifiInfo object (11)',1,'[{\"added\": {}}]',12,1),(1231,'2024-09-30 03:06:59.303418','12','WifiInfo object (12)',1,'[{\"added\": {}}]',12,1),(1232,'2024-09-30 03:08:16.805326','13','WifiInfo object (13)',1,'[{\"added\": {}}]',12,1),(1233,'2024-09-30 03:08:38.800689','14','WifiInfo object (14)',1,'[{\"added\": {}}]',12,1),(1234,'2024-09-30 03:09:22.071673','15','WifiInfo object (15)',1,'[{\"added\": {}}]',12,1),(1235,'2024-09-30 03:10:10.922182','16','WifiInfo object (16)',1,'[{\"added\": {}}]',12,1),(1236,'2024-09-30 03:16:20.222749','13','WifiInfo object (13)',2,'[{\"changed\": {\"fields\": [\"\\u516c\\u7f51IP\"]}}]',12,1),(1237,'2024-09-30 03:16:31.914958','14','WifiInfo object (14)',2,'[{\"changed\": {\"fields\": [\"\\u516c\\u7f51IP\"]}}]',12,1),(1238,'2024-09-30 03:16:47.117887','7','WifiInfo object (7)',2,'[{\"changed\": {\"fields\": [\"\\u516c\\u7f51IP\"]}}]',12,1),(1239,'2024-09-30 03:17:15.173631','10','WifiInfo object (10)',2,'[{\"changed\": {\"fields\": [\"\\u516c\\u7f51IP\"]}}]',12,1),(1240,'2024-09-30 03:19:11.545272','12','WifiInfo object (12)',2,'[{\"changed\": {\"fields\": [\"\\u516c\\u7f51IP\"]}}]',12,1),(1241,'2024-09-30 03:20:32.717542','9','WifiInfo object (9)',2,'[{\"changed\": {\"fields\": [\"\\u516c\\u7f51IP\"]}}]',12,1),(1242,'2024-09-30 03:21:07.278228','8','WifiInfo object (8)',2,'[{\"changed\": {\"fields\": [\"\\u516c\\u7f51IP\"]}}]',12,1),(1243,'2024-09-30 03:24:47.473269','6','WifiInfo object (6)',2,'[{\"changed\": {\"fields\": [\"\\u516c\\u7f51IP\"]}}]',12,1),(1244,'2024-09-30 03:27:38.506785','16','WifiInfo object (16)',2,'[{\"changed\": {\"fields\": [\"\\u5907\\u6ce8\"]}}]',12,1),(1245,'2024-09-30 03:28:45.157498','15','WifiInfo object (15)',2,'[{\"changed\": {\"fields\": [\"\\u5907\\u6ce8\"]}}]',12,1),(1246,'2024-09-30 03:29:23.625579','11','WifiInfo object (11)',2,'[{\"changed\": {\"fields\": [\"\\u5907\\u6ce8\"]}}]',12,1),(1247,'2024-09-30 03:29:39.612882','5','WifiInfo object (5)',2,'[{\"changed\": {\"fields\": [\"\\u5907\\u6ce8\"]}}]',12,1),(1248,'2024-09-30 03:30:27.310493','4','WifiInfo object (4)',2,'[{\"changed\": {\"fields\": [\"\\u516c\\u7f51IP\"]}}]',12,1),(1249,'2024-09-30 03:31:09.064804','3','WifiInfo object (3)',2,'[{\"changed\": {\"fields\": [\"\\u516c\\u7f51IP\"]}}]',12,1),(1250,'2024-09-30 03:31:45.983551','2','WifiInfo object (2)',2,'[{\"changed\": {\"fields\": [\"\\u516c\\u7f51IP\"]}}]',12,1),(1251,'2024-09-30 03:32:26.345706','1','WifiInfo object (1)',2,'[{\"changed\": {\"fields\": [\"\\u516c\\u7f51IP\"]}}]',12,1),(1252,'2024-09-30 06:01:55.155282','13','SystemLogin object (13)',1,'[{\"added\": {}}]',8,1),(1253,'2024-09-30 06:06:21.484136','14','SystemLogin object (14)',1,'[{\"added\": {}}]',8,1),(1254,'2024-09-30 06:08:55.058552','15','SystemLogin object (15)',1,'[{\"added\": {}}]',8,1),(1255,'2024-09-30 06:09:08.636867','15','SystemLogin object (15)',2,'[{\"changed\": {\"fields\": [\"\\u5e73\\u53f0\\u540d\\u79f0\"]}}]',8,1),(1256,'2024-10-08 07:02:51.515518','706','OfficeNetworkInfo object (706)',2,'[{\"changed\": {\"fields\": [\"\\u5907\\u6ce8\"]}}]',9,1),(1257,'2024-10-08 07:04:01.945424','609','OfficeNetworkInfo object (609)',2,'[{\"changed\": {\"fields\": [\"\\u5907\\u6ce8\"]}}]',9,1);
/*!40000 ALTER TABLE `django_admin_log` ENABLE KEYS */;
UNLOCK TABLES;

--
-- Table structure for table `django_content_type`
--

DROP TABLE IF EXISTS `django_content_type`;
/*!40101 SET @saved_cs_client     = @@character_set_client */;
/*!50503 SET character_set_client = utf8mb4 */;
CREATE TABLE `django_content_type` (
  `id` int NOT NULL AUTO_INCREMENT,
  `app_label` varchar(100) NOT NULL,
  `model` varchar(100) NOT NULL,
  PRIMARY KEY (`id`),
  UNIQUE KEY `django_content_type_app_label_model_76bd3d3b_uniq` (`app_label`,`model`)
) ENGINE=InnoDB AUTO_INCREMENT=13 DEFAULT CHARSET=utf8;
/*!40101 SET character_set_client = @saved_cs_client */;

--
-- Dumping data for table `django_content_type`
--

LOCK TABLES `django_content_type` WRITE;
/*!40000 ALTER TABLE `django_content_type` DISABLE KEYS */;
INSERT INTO `django_content_type` VALUES (1,'admin','logentry'),(3,'auth','group'),(2,'auth','permission'),(4,'auth','user'),(5,'contenttypes','contenttype'),(7,'info','apinfo'),(9,'info','officenetworkinfo'),(11,'info','phonelist'),(10,'info','smartnetworkinfo'),(8,'info','systemlogin'),(12,'info','wifiinfo'),(6,'sessions','session');
/*!40000 ALTER TABLE `django_content_type` ENABLE KEYS */;
UNLOCK TABLES;

--
-- Table structure for table `django_migrations`
--

DROP TABLE IF EXISTS `django_migrations`;
/*!40101 SET @saved_cs_client     = @@character_set_client */;
/*!50503 SET character_set_client = utf8mb4 */;
CREATE TABLE `django_migrations` (
  `id` bigint NOT NULL AUTO_INCREMENT,
  `app` varchar(255) NOT NULL,
  `name` varchar(255) NOT NULL,
  `applied` datetime(6) NOT NULL,
  PRIMARY KEY (`id`)
) ENGINE=InnoDB AUTO_INCREMENT=27 DEFAULT CHARSET=utf8;
/*!40101 SET character_set_client = @saved_cs_client */;

--
-- Dumping data for table `django_migrations`
--

LOCK TABLES `django_migrations` WRITE;
/*!40000 ALTER TABLE `django_migrations` DISABLE KEYS */;
INSERT INTO `django_migrations` VALUES (1,'contenttypes','0001_initial','2024-09-20 03:33:53.894414'),(2,'auth','0001_initial','2024-09-20 03:33:54.669613'),(3,'admin','0001_initial','2024-09-20 03:33:54.834471'),(4,'admin','0002_logentry_remove_auto_add','2024-09-20 03:33:54.864457'),(5,'admin','0003_logentry_add_action_flag_choices','2024-09-20 03:33:54.884635'),(6,'contenttypes','0002_remove_content_type_name','2024-09-20 03:33:55.047924'),(7,'auth','0002_alter_permission_name_max_length','2024-09-20 03:33:55.233083'),(8,'auth','0003_alter_user_email_max_length','2024-09-20 03:33:55.327549'),(9,'auth','0004_alter_user_username_opts','2024-09-20 03:33:55.351609'),(10,'auth','0005_alter_user_last_login_null','2024-09-20 03:33:55.447224'),(11,'auth','0006_require_contenttypes_0002','2024-09-20 03:33:55.450585'),(12,'auth','0007_alter_validators_add_error_messages','2024-09-20 03:33:55.477110'),(13,'auth','0008_alter_user_username_max_length','2024-09-20 03:33:55.601876'),(14,'auth','0009_alter_user_last_name_max_length','2024-09-20 03:33:55.707461'),(15,'auth','0010_alter_group_name_max_length','2024-09-20 03:33:55.797403'),(16,'auth','0011_update_proxy_permissions','2024-09-20 03:33:55.842321'),(17,'auth','0012_alter_user_first_name_max_length','2024-09-20 03:33:55.945102'),(18,'info','0001_initial','2024-09-20 03:33:55.976762'),(19,'sessions','0001_initial','2024-09-20 03:33:56.040765'),(20,'info','0002_systemlogin','2024-09-20 13:26:14.835676'),(21,'info','0003_officenetworkinfo_smartnetworkinfo','2024-09-23 10:07:48.181520'),(22,'info','0004_alter_apinfo_options_alter_officenetworkinfo_options_and_more','2024-09-27 02:41:24.545255'),(23,'info','0005_phonelist','2024-09-29 06:55:41.509303'),(24,'info','0006_wifiinfo_alter_phonelist_options','2024-09-30 02:44:18.129677'),(25,'info','0007_wifiinfo_public_ip','2024-09-30 03:14:51.787366'),(26,'info','0008_wifiinfo_remarks','2024-09-30 03:26:24.607371');
/*!40000 ALTER TABLE `django_migrations` ENABLE KEYS */;
UNLOCK TABLES;

--
-- Table structure for table `django_session`
--

DROP TABLE IF EXISTS `django_session`;
/*!40101 SET @saved_cs_client     = @@character_set_client */;
/*!50503 SET character_set_client = utf8mb4 */;
CREATE TABLE `django_session` (
  `session_key` varchar(40) NOT NULL,
  `session_data` longtext NOT NULL,
  `expire_date` datetime(6) NOT NULL,
  PRIMARY KEY (`session_key`),
  KEY `django_session_expire_date_a5c62663` (`expire_date`)
) ENGINE=InnoDB DEFAULT CHARSET=utf8;
/*!40101 SET character_set_client = @saved_cs_client */;

--
-- Dumping data for table `django_session`
--

LOCK TABLES `django_session` WRITE;
/*!40000 ALTER TABLE `django_session` DISABLE KEYS */;
INSERT INTO `django_session` VALUES ('6xprj1ji5hejg4i1y91exdt831ncdamk','.eJxVjDsOwjAQBe_iGln-x6akzxmstXeNA8iR4qRC3J1ESgHtm5n3ZhG2tcat0xInZFcm2eV3S5Cf1A6AD2j3mee5rcuU-KHwk3Y-zkiv2-n-HVToda9BBOesQi-yNLpoYUXAUFKWQ0hZO6GN0saA9BQk7tIACiz4QpIKGmKfL77rN5E:1stIQ0:CgYk6GLGsbprOflEv97LK7ePD5DXKUVItXZ8kzHIxrk','2024-10-09 03:10:20.552931'),('71i2bygnol1dxz7r4kd7xjdzy4hn6t0h','.eJxVjDsOwjAQBe_iGln-x6akzxmstXeNA8iR4qRC3J1ESgHtm5n3ZhG2tcat0xInZFcm2eV3S5Cf1A6AD2j3mee5rcuU-KHwk3Y-zkiv2-n-HVToda9BBOesQi-yNLpoYUXAUFKWQ0hZO6GN0saA9BQk7tIACiz4QpIKGmKfL77rN5E:1syjsI:HgVltPsswUk40JASPjNMhOPP0IH4WYd8dkn4kZ8qFuU','2024-10-24 03:30:02.548540'),('ccf23scpcredba21bni3hehhb834ibmf','.eJxVjDsOwjAQBe_iGln-x6akzxmstXeNA8iR4qRC3J1ESgHtm5n3ZhG2tcat0xInZFcm2eV3S5Cf1A6AD2j3mee5rcuU-KHwk3Y-zkiv2-n-HVToda9BBOesQi-yNLpoYUXAUFKWQ0hZO6GN0saA9BQk7tIACiz4QpIKGmKfL77rN5E:1stIEY:diLIzKjtewI83RNzQRI2RzSNev6GYj_OsXpSPv3l7Xo','2024-10-09 02:58:30.646744'),('eifg5i6ndivxbyjer62fewawdt32d4is','.eJxVjMsOwiAQRf-FtSG8B1y69xsIDINUDU1KuzL-uzbpQrf3nHNfLKZtbXEbtMSpsDNT7PS75YQP6jso99RvM8e5r8uU-a7wgw5-nQs9L4f7d9DSaN86aG2pggwKHVRL2gSVhQByvgabiFArAFclBSRTsEpRDZAquXiQ2bP3B9q-OCQ:1stLSY:QHJHw8HmR6h2--X2ma6xbQ1LOzysdzPxUfJg98uFqRs','2024-10-09 06:25:10.564027'),('j4su9i2hnrcxgf3td9v91z9oqduq18e9','.eJxVjDsOwjAQBe_iGln-x6akzxmstXeNA8iR4qRC3J1ESgHtm5n3ZhG2tcat0xInZFcm2eV3S5Cf1A6AD2j3mee5rcuU-KHwk3Y-zkiv2-n-HVToda9BBOesQi-yNLpoYUXAUFKWQ0hZO6GN0saA9BQk7tIACiz4QpIKGmKfL77rN5E:1ssZzM:VdLUtTeybmHGFYeOsSXqPzLirc82UCUvhaFj2sfEYZ4','2024-10-07 03:43:52.585246'),('m25arydy4zma31q4ee6tg6xk2zrqsuje','.eJxVjDsOwjAQBe_iGln-x6akzxmstXeNA8iR4qRC3J1ESgHtm5n3ZhG2tcat0xInZFcm2eV3S5Cf1A6AD2j3mee5rcuU-KHwk3Y-zkiv2-n-HVToda9BBOesQi-yNLpoYUXAUFKWQ0hZO6GN0saA9BQk7tIACiz4QpIKGmKfL77rN5E:1ste98:xLMbNjjSmah7AJiRJsaqp0a9tMvGBiUMe8X3cnR6G20','2024-10-10 02:22:22.550141'),('qr1gelvy74mvn3sgzndlb2ge3al53k2l','.eJxVjDsOwjAQBe_iGln-x6akzxmstXeNA8iR4qRC3J1ESgHtm5n3ZhG2tcat0xInZFcm2eV3S5Cf1A6AD2j3mee5rcuU-KHwk3Y-zkiv2-n-HVToda9BBOesQi-yNLpoYUXAUFKWQ0hZO6GN0saA9BQk7tIACiz4QpIKGmKfL77rN5E:1stIHO:QlZNkq61tXDSA1njZxRbDUBL5_jfiMBWWsvRRE46Wls','2024-10-09 03:01:26.932197'),('scr5mtmqu48zljp39gs8vw9uo7irkbzt','.eJxVjDsOwjAQBe_iGln-x6akzxmstXeNA8iR4qRC3J1ESgHtm5n3ZhG2tcat0xInZFcm2eV3S5Cf1A6AD2j3mee5rcuU-KHwk3Y-zkiv2-n-HVToda9BBOesQi-yNLpoYUXAUFKWQ0hZO6GN0saA9BQk7tIACiz4QpIKGmKfL77rN5E:1steGy:Psfqi8cwrNRxwz1LrqCWDEfN-g4Qy7BiBtGpYqrw8Ds','2024-10-10 02:30:28.850645'),('txoe71i79t72v36726i9wjj0hhmja406','.eJxVjDsOwjAQBe_iGln-x6akzxmstXeNA8iR4qRC3J1ESgHtm5n3ZhG2tcat0xInZFcm2eV3S5Cf1A6AD2j3mee5rcuU-KHwk3Y-zkiv2-n-HVToda9BBOesQi-yNLpoYUXAUFKWQ0hZO6GN0saA9BQk7tIACiz4QpIKGmKfL77rN5E:1stIUr:Gv2xByEVWHgn4gVNYSDMJrQhThkiuL65cYbnR51JX50','2024-10-09 03:15:21.835273'),('z3fvcoxqv303gsye27axdmlr698v7tza','.eJxVjDsOwjAQBe_iGln-x6akzxmstXeNA8iR4qRC3J1ESgHtm5n3ZhG2tcat0xInZFcm2eV3S5Cf1A6AD2j3mee5rcuU-KHwk3Y-zkiv2-n-HVToda9BBOesQi-yNLpoYUXAUFKWQ0hZO6GN0saA9BQk7tIACiz4QpIKGmKfL77rN5E:1stIJZ:gPaD-98mhlm8MRKfGHEk_TcjkDurf8G_YySUm-kZo44','2024-10-09 03:03:41.981811');
/*!40000 ALTER TABLE `django_session` ENABLE KEYS */;
UNLOCK TABLES;

--
-- Table structure for table `info_apinfo`
--

DROP TABLE IF EXISTS `info_apinfo`;
/*!40101 SET @saved_cs_client     = @@character_set_client */;
/*!50503 SET character_set_client = utf8mb4 */;
CREATE TABLE `info_apinfo` (
  `id` bigint NOT NULL AUTO_INCREMENT,
  `name` varchar(120) NOT NULL,
  `ip_address` char(39) NOT NULL,
  `type` varchar(120) NOT NULL,
  `position` varchar(200) NOT NULL,
  `switch` char(39) NOT NULL,
  `port` varchar(100) NOT NULL,
  PRIMARY KEY (`id`)
) ENGINE=InnoDB AUTO_INCREMENT=59 DEFAULT CHARSET=utf8;
/*!40101 SET character_set_client = @saved_cs_client */;

--
-- Dumping data for table `info_apinfo`
--

LOCK TABLES `info_apinfo` WRITE;
/*!40000 ALTER TABLE `info_apinfo` DISABLE KEYS */;
INSERT INTO `info_apinfo` VALUES (1,'FYKJ-XM-A1F-AP-001','10.22.250.1','AirEngine6761-21T','A栋大堂','10.22.254.12','GE0/0/1'),(2,'FYKJ-XM-A1F-AP-002','10.22.250.2','AirEngine5761-11','A栋大堂','10.22.254.12','GE0/0/4'),(3,'FYKJ-XM-A1F-AP-003','10.22.250.3','AirEngine5761-11','A栋大堂','10.22.254.39','GE0/0/21'),(4,'FYKJ-XM-A1F-AP-004','10.22.250.4','AirEngine5761-11','A栋大堂','10.22.254.12','GE0/0/6'),(5,'FYKJ-XM-B1F-AP-001','10.22.250.5','AirEngine5761-11','B栋大堂','10.22.254.12','GE0/0/4'),(6,'FYKJ-XM-B1F-AP-002','10.22.250.6','AirEngine5761-11','B栋大堂','10.22.254.12','GE0/0/4'),(7,'FYKJ-XM-B1F-AP-003','10.22.250.7','AirEngine5761-11','B栋大堂','10.22.254.12','GE0/0/4'),(8,'FYKJ-XM-B1F-AP-004','10.22.250.8','AirEngine5761-11','B栋大堂','10.22.254.12','GE0/0/4'),(9,'FYKJ-XM-A3F-AP-001','10.22.250.9','AirEngine5761-11','三楼VP办公室','10.22.254.39','GE0/0/11'),(10,'FYKJ-XM-A3F-AP-002','10.22.250.10','AirEngine5761-11','行政部&企划部','10.22.254.39','GE0/0/8'),(11,'FYKJ-XM-A3F-AP-003','10.22.250.11','AirEngine5761-11','301会议室','10.22.254.39','GE0/0/10'),(12,'FYKJ-XM-A3F-AP-004','10.22.250.12','AirEngine5761-12','二楼微活幻喵','10.22.254.39','GE0/0/5'),(13,'FYKJ-XM-A3F-AP-005','10.22.250.13','AirEngine6761-21T','二楼微活幻喵','10.22.254.39','GE0/0/6'),(14,'FYKJ-XM-A3F-AP-007','10.22.250.15','AirEngine6761-21T','平台中心','10.22.254.39','GE0/0/15'),(15,'FYKJ-XM-A3F-AP-009','10.22.250.17','AirEngine5761-11','302会议室','10.22.254.39','GE0/0/13'),(16,'FYKJ-XM-A3F-AP-006','10.22.250.14','AirEngine6761-21T','IT仓库门口','10.22.254.39','GE0/0/7'),(17,'FYKJ-XM-A3F-AP-008','10.22.250.16','AirEngine5761-11','茶水间','10.22.254.39','GE0/0/20'),(18,'FYKJ-XM-A3F-AP-010','10.22.250.18','AirEngine5761-11','电梯厅','10.22.254.39','GE0/0/19'),(19,'FYKJ-XM-A3F-AP-011','10.22.250.19','AirEngine5761-11','会议室','10.22.254.39','GE0/0/12'),(20,'FYKJ-XM-A3F-AP-012','10.22.250.20','AirEngine5761-11','HR办公室','10.22.254.39','GE0/0/2'),(21,'FYKJ-XM-A3F-AP-013','10.22.250.21','AirEngine6761-21T','培训室','10.22.254.39','GE0/0/1'),(22,'FYKJ-XM-A3F-AP-014','10.22.250.22','AirEngine5761-11','瑜咖室','10.22.254.39','GE0/0/3'),(23,'FYKJ-XM-A3F-AP-015','10.22.250.23','AirEngine5761-11','游戏室','10.22.254.39','GE0/0/4'),(24,'FYKJ-XM-A3F-AP-016','10.22.250.24','AirEngine5761-11','健身房','10.22.254.39','GE0/0/9'),(25,'FYKJ-XM-A3F-AP-017','10.22.250.25','AirEngine5761-11','环形走廊','10.22.254.39','GE0/0/16'),(26,'FYKJ-XM-A3F-AP-018','10.22.250.26','AirEngine5761-11','环形走廊','10.22.254.39','GE0/0/17'),(27,'FYKJ-XM-A3F-AP-019','10.22.250.27','AirEngine5761-11','环形走廊','10.22.254.39','GE0/0/14'),(28,'FYKJ-XM-A3F-AP-020','10.22.250.28','AirEngine5761-11','环形走廊','10.22.254.39','GE0/0/18'),(29,'FYKJ-XM-A4F-AP-001','10.22.250.29','AirEngine6761-21T','VP办公室','10.22.254.50','GE0/0/3'),(30,'FYKJ-XM-A4F-AP-002','10.22.250.30','AirEngine5761-11','VP办公室','10.22.254.50','GE0/0/15'),(31,'FYKJ-XM-A4F-AP-003','10.22.250.31','AirEngine6761-21T','飞羽小游戏2组','10.22.254.50','GE0/0/21'),(32,'FYKJ-XM-A4F-AP-004','10.22.250.32','AirEngine6761-21T','飞羽小游戏2组','10.22.254.50','GE0/0/9'),(33,'FYKJ-XM-A4F-AP-005','10.22.250.33','AirEngine6761-21T','飞羽','10.22.254.50','GE0/0/5'),(34,'FYKJ-XM-A4F-AP-006','10.22.250.34','AirEngine6761-21T','飞羽','10.22.254.50','GE0/0/23'),(35,'FYKJ-XM-A4F-AP-007','10.22.250.35','AirEngine6761-21T','飞羽','10.22.254.50','GE0/0/20'),(36,'FYKJ-XM-A4F-AP-008','10.22.250.36','AirEngine6761-21T','逍遥自在','10.22.254.50','GE0/0/19'),(37,'FYKJ-XM-A4F-AP-009','10.22.250.37','AirEngine6761-21T','会议室','10.22.254.50','GE0/0/7'),(38,'FYKJ-XM-A4F-AP-010','10.22.250.38','AirEngine5761-11','茶水间','10.22.254.50','GE0/0/12'),(39,'FYKJ-XM-A4F-AP-011','10.22.250.39','AirEngine5761-11','电梯厅','10.22.254.50','GE0/0/11'),(40,'FYKJ-XM-A4F-AP-012','10.22.250.40','AirEngine5761-11','逍遥自在','10.22.254.50','GE0/0/4'),(41,'FYKJ-XM-A4F-AP-013','10.22.250.41','AirEngine6761-21T','会议室','10.22.254.50','GE0/0/8'),(42,'FYKJ-XM-A4F-AP-014','10.22.250.42','AirEngine5761-11','声音工作室','10.22.254.50','GE0/0/2'),(43,'FYKJ-XM-A4F-AP-015','10.22.250.43','AirEngine5761-11','录音室','10.22.254.50','GE0/0/1'),(44,'FYKJ-XM-A4F-AP-016','10.22.250.44','AirEngine5761-11','4F机房','10.22.254.50','GE0/0/4'),(45,'FYKJ-XM-A4F-AP-017','10.22.250.45','AirEngine5761-11','C4-131','10.22.254.50','GE0/0/18'),(46,'FYKJ-XM-A5F-AP-001','10.22.250.46','AirEngine6761-21T','总裁办公室','10.22.254.57','GE0/0/3'),(47,'FYKJ-XM-A5F-AP-002','10.22.250.47','AirEngine6761-21T','会议室','10.22.254.57','GE0/0/12'),(48,'FYKJ-XM-A5F-AP-003','10.22.250.48','AirEngine5761-11','会议室','10.22.254.57','GE0/0/2'),(49,'FYKJ-XM-A5F-AP-004','10.22.250.49','AirEngine6761-21T','倍特发行','10.22.254.57','GE0/0/9'),(50,'FYKJ-XM-A5F-AP-005','10.22.250.50','AirEngine6761-21T','会议室','10.22.254.57','GE0/0/7'),(51,'FYKJ-XM-A5F-AP-006','10.22.250.51','AirEngine5761-11','法务办公室','10.22.254.57','GE0/0/6'),(52,'FYKJ-XM-A5F-AP-007','10.22.250.52','AirEngine5761-11','财务办公室','10.22.254.57','GE0/0/8'),(53,'FYKJ-XM-A5F-AP-008','10.22.250.53','AirEngine6761-21T','总裁办公室','10.22.254.57','GE0/0/4'),(54,'FYKJ-XM-A5F-AP-009','10.22.250.54','AirEngine5761-11','倍特发行','10.22.254.57','GE0/0/5'),(55,'FYKJ-XM-A5F-AP-010','10.22.250.55','AirEngine6761-21T','南星发行工作室','10.22.254.57','GE0/0/1'),(56,'FYKJ-XM-A5F-AP-011','10.22.250.56','AirEngine5761-11','茶水间','10.22.254.57','GE0/0/11'),(57,'FYKJ-XM-A5F-AP-012','10.22.250.57','AirEngine6761-21T','会议室1','10.22.254.57','GE0/0/10'),(58,'FYKJ-XM-A3F-AP-021','10.22.250.','AirEngine5761-11','IT仓库','10.22.254.39','GE0/0/22');
/*!40000 ALTER TABLE `info_apinfo` ENABLE KEYS */;
UNLOCK TABLES;

--
-- Table structure for table `info_officenetworkinfo`
--

DROP TABLE IF EXISTS `info_officenetworkinfo`;
/*!40101 SET @saved_cs_client     = @@character_set_client */;
/*!50503 SET character_set_client = utf8mb4 */;
CREATE TABLE `info_officenetworkinfo` (
  `id` bigint NOT NULL AUTO_INCREMENT,
  `office_port` varchar(200) NOT NULL,
  `switch_name` varchar(120) NOT NULL,
  `switch_ip` char(39) NOT NULL,
  `switch_port` varchar(120) NOT NULL,
  `position` varchar(120) NOT NULL,
  `remarks` varchar(200) NOT NULL,
  PRIMARY KEY (`id`)
) ENGINE=InnoDB AUTO_INCREMENT=919 DEFAULT CHARSET=utf8;
/*!40101 SET character_set_client = @saved_cs_client */;

--
-- Dumping data for table `info_officenetworkinfo`
--

LOCK TABLES `info_officenetworkinfo` WRITE;
/*!40000 ALTER TABLE `info_officenetworkinfo` DISABLE KEYS */;
INSERT INTO `info_officenetworkinfo` VALUES (1,'C1-01','FYKJ-XM-AIF-O-SW-001','10.22.254.11','GigabitEthernet0/0/1','A1弱电间',''),(2,'D1-01','FYKJ-XM-AIF-O-SW-001','10.22.254.11','GigabitEthernet0/0/2','A1弱电间',''),(3,'C1-02','FYKJ-XM-AIF-O-SW-001','10.22.254.11','GigabitEthernet0/0/3','A1弱电间',''),(4,'D1-02','FYKJ-XM-AIF-O-SW-001','10.22.254.11','GigabitEthernet0/0/4','A1弱电间',''),(5,'C1-03','FYKJ-XM-AIF-O-SW-001','10.22.254.11','GigabitEthernet0/0/5','A1弱电间',''),(6,'C1-04','FYKJ-XM-AIF-O-SW-001','10.22.254.11','GigabitEthernet0/0/6','A1弱电间',''),(7,'C1-05','FYKJ-XM-AIF-O-SW-001','10.22.254.11','GigabitEthernet0/0/7','A1弱电间',''),(8,'C1-06','FYKJ-XM-AIF-O-SW-001','10.22.254.11','GigabitEthernet0/0/8','A1弱电间',''),(9,'D1-06','FYKJ-XM-AIF-O-SW-001','10.22.254.11','GigabitEthernet0/0/9','A1弱电间',''),(10,'C1-07','FYKJ-XM-AIF-O-SW-001','10.22.254.11','GigabitEthernet0/0/10','A1弱电间',''),(11,'D1-07','FYKJ-XM-AIF-O-SW-001','10.22.254.11','GigabitEthernet0/0/11','A1弱电间',''),(12,'C1-08','FYKJ-XM-AIF-O-SW-001','10.22.254.11','GigabitEthernet0/0/12','A1弱电间',''),(13,'D1-08','FYKJ-XM-AIF-O-SW-001','10.22.254.11','GigabitEthernet0/0/13','A1弱电间',''),(14,'C1-09','FYKJ-XM-AIF-O-SW-001','10.22.254.11','GigabitEthernet0/0/14','A1弱电间',''),(15,'D1-09','FYKJ-XM-AIF-O-SW-001','10.22.254.11','GigabitEthernet0/0/15','A1弱电间',''),(16,'C1-11','FYKJ-XM-AIF-O-SW-001','10.22.254.11','GigabitEthernet0/0/18','A1弱电间',''),(17,'C1-12','FYKJ-XM-AIF-O-SW-001','10.22.254.11','GigabitEthernet0/0/19','A1弱电间',''),(18,'D1-12','FYKJ-XM-AIF-O-SW-001','10.22.254.11','GigabitEthernet0/0/20','A1弱电间',''),(19,'C1-13','FYKJ-XM-AIF-O-SW-001','10.22.254.11','GigabitEthernet0/0/21','A1弱电间',''),(20,'A1F电梯厅信息屏5.13','FYKJ-XM-AIF-O-SW-001','10.22.254.11','GigabitEthernet0/0/23','A1弱电间',''),(21,'LED控制盒5.62','FYKJ-XM-AIF-O-SW-001','10.22.254.11','GigabitEthernet0/0/24','A1弱电间',''),(22,'D1-01','FYKJ-XM-B1F-O-SW-001','10.22.254.13','GigabitEthernet0/0/1','B1F弱电间',''),(23,'C1-01','FYKJ-XM-B1F-O-SW-001','10.22.254.13','GigabitEthernet0/0/2','B1F弱电间',''),(24,'D1-02','FYKJ-XM-B1F-O-SW-001','10.22.254.13','GigabitEthernet0/0/3','B1F弱电间',''),(25,'C1-02','FYKJ-XM-B1F-O-SW-001','10.22.254.13','GigabitEthernet0/0/4','B1F弱电间',''),(26,'D1-03','FYKJ-XM-B1F-O-SW-001','10.22.254.13','GigabitEthernet0/0/5','B1F弱电间',''),(27,'C1-03','FYKJ-XM-B1F-O-SW-001','10.22.254.13','GigabitEthernet0/0/6','B1F弱电间',''),(28,'D1-04','FYKJ-XM-B1F-O-SW-001','10.22.254.13','GigabitEthernet0/0/7','B1F弱电间',''),(29,'C1-04','FYKJ-XM-B1F-O-SW-001','10.22.254.13','GigabitEthernet0/0/8','B1F弱电间',''),(30,'D1-05','FYKJ-XM-B1F-O-SW-001','10.22.254.13','GigabitEthernet0/0/9','B1F弱电间',''),(31,'C1-05','FYKJ-XM-B1F-O-SW-001','10.22.254.13','GigabitEthernet0/0/10','B1F弱电间',''),(32,'D1-06','FYKJ-XM-B1F-O-SW-001','10.22.254.13','GigabitEthernet0/0/11','B1F弱电间',''),(33,'C1-06','FYKJ-XM-B1F-O-SW-001','10.22.254.13','GigabitEthernet0/0/12','B1F弱电间',''),(34,'LED控制器 5.61','FYKJ-XM-B1F-O-SW-001','10.22.254.13','GigabitEthernet0/0/18','B1F弱电间',''),(35,'B栋电梯信息屏 1/5.11','FYKJ-XM-B1F-O-SW-001','10.22.254.13','GigabitEthernet0/0/19','B1F弱电间',''),(36,'B栋电梯信息屏 2/5.12','FYKJ-XM-B1F-O-SW-001','10.22.254.13','GigabitEthernet0/0/20','B1F弱电间',''),(37,'J3-11','FYKJ-XM-A3F-O-SW-001','10.22.254.31','GigabitEthernet0/0/1','3F机房',''),(38,'K3-11','FYKJ-XM-A3F-O-SW-001','10.22.254.31','GigabitEthernet0/0/2','3F机房',''),(39,'J3-12','FYKJ-XM-A3F-O-SW-001','10.22.254.31','GigabitEthernet0/0/3','3F机房',''),(40,'K3-12','FYKJ-XM-A3F-O-SW-001','10.22.254.31','GigabitEthernet0/0/4','3F机房',''),(41,'J3-13','FYKJ-XM-A3F-O-SW-001','10.22.254.31','GigabitEthernet0/0/5','3F机房',''),(42,'K3-13','FYKJ-XM-A3F-O-SW-001','10.22.254.31','GigabitEthernet0/0/6','3F机房',''),(43,'J3-07','FYKJ-XM-A3F-O-SW-001','10.22.254.31','GigabitEthernet0/0/7','3F机房',''),(44,'K3-07','FYKJ-XM-A3F-O-SW-001','10.22.254.31','GigabitEthernet0/0/8','3F机房',''),(45,'信息发布电脑','FYKJ-XM-A3F-O-SW-001','10.22.254.31','GigabitEthernet0/0/9','3F机房',''),(46,'A3F电梯厅 信息屏1/（预留）','FYKJ-XM-A3F-O-SW-001','10.22.254.31','GigabitEthernet0/0/11','3F机房',''),(47,'A3F电梯厅 信息屏2/(预留）','FYKJ-XM-A3F-O-SW-001','10.22.254.31','GigabitEthernet0/0/12','3F机房',''),(48,'J3-23','FYKJ-XM-A3F-O-SW-001','10.22.254.31','GigabitEthernet0/0/13','3F机房',''),(49,'K3-23','FYKJ-XM-A3F-O-SW-001','10.22.254.31','GigabitEthernet0/0/14','3F机房',''),(50,'A3F302会议室 屏5.31','FYKJ-XM-A3F-O-SW-001','10.22.254.31','GigabitEthernet0/0/21','3F机房',''),(51,'A3F301会议室 屏5.34','FYKJ-XM-A3F-O-SW-001','10.22.254.31','GigabitEthernet0/0/22','3F机房',''),(52,'A3F303会议室 屏5.36','FYKJ-XM-A3F-O-SW-001','10.22.254.31','GigabitEthernet0/0/23','3F机房',''),(53,'A3F茶水间 信息屏5.35','FYKJ-XM-A3F-O-SW-001','10.22.254.31','GigabitEthernet0/0/24','3F机房',''),(54,'G3-17','FYKJ-XM-A3F-O-SW-006','10.22.254.36','GigabitEthernet0/0/1','3F机房',''),(55,'H3-17','FYKJ-XM-A3F-O-SW-006','10.22.254.36','GigabitEthernet0/0/2','3F机房',''),(56,'G3-15','FYKJ-XM-A3F-O-SW-006','10.22.254.36','GigabitEthernet0/0/3','3F机房',''),(57,'H3-15','FYKJ-XM-A3F-O-SW-006','10.22.254.36','GigabitEthernet0/0/4','3F机房',''),(58,'G3-18','FYKJ-XM-A3F-O-SW-006','10.22.254.36','GigabitEthernet0/0/5','3F机房',''),(59,'G3-16','FYKJ-XM-A3F-O-SW-006','10.22.254.36','GigabitEthernet0/0/6','3F机房',''),(60,'G3-11','FYKJ-XM-A3F-O-SW-006','10.22.254.36','GigabitEthernet0/0/7','3F机房',''),(61,'H3-11','FYKJ-XM-A3F-O-SW-006','10.22.254.36','GigabitEthernet0/0/8','3F机房',''),(62,'G3-04','FYKJ-XM-A3F-O-SW-006','10.22.254.36','GigabitEthernet0/0/9','3F机房',''),(63,'H3-04','FYKJ-XM-A3F-O-SW-006','10.22.254.36','GigabitEthernet0/0/10','3F机房',''),(64,'G3-06','FYKJ-XM-A3F-O-SW-006','10.22.254.36','GigabitEthernet0/0/11','3F机房',''),(65,'H3-06','FYKJ-XM-A3F-O-SW-006','10.22.254.36','GigabitEthernet0/0/12','3F机房',''),(66,'G3-08','FYKJ-XM-A3F-O-SW-006','10.22.254.36','GigabitEthernet0/0/13','3F机房',''),(67,'H3-08','FYKJ-XM-A3F-O-SW-006','10.22.254.36','GigabitEthernet0/0/14','3F机房',''),(68,'G3-07','FYKJ-XM-A3F-O-SW-006','10.22.254.36','GigabitEthernet0/0/15','3F机房',''),(69,'H3-07','FYKJ-XM-A3F-O-SW-006','10.22.254.36','GigabitEthernet0/0/16','3F机房',''),(70,'G3-09','FYKJ-XM-A3F-O-SW-006','10.22.254.36','GigabitEthernet0/0/17','3F机房',''),(71,'H3-09','FYKJ-XM-A3F-O-SW-006','10.22.254.36','GigabitEthernet0/0/18','3F机房',''),(72,'G3-22','FYKJ-XM-A3F-O-SW-006','10.22.254.36','GigabitEthernet0/0/19','3F机房',''),(73,'H3-22','FYKJ-XM-A3F-O-SW-006','10.22.254.36','GigabitEthernet0/0/20','3F机房',''),(74,'G3-01','FYKJ-XM-A3F-O-SW-006','10.22.254.36','GigabitEthernet0/0/21','3F机房',''),(75,'H3-01','FYKJ-XM-A3F-O-SW-006','10.22.254.36','GigabitEthernet0/0/22','3F机房',''),(76,'J3-19','FYKJ-XM-A3F-O-SW-006','10.22.254.36','GigabitEthernet0/0/23','3F机房',''),(77,'K3-19','FYKJ-XM-A3F-O-SW-006','10.22.254.36','GigabitEthernet0/0/24','3F机房',''),(78,'J3-01','FYKJ-XM-A3F-O-SW-006','10.22.254.36','GigabitEthernet0/0/25','3F机房',''),(79,'K3-01','FYKJ-XM-A3F-O-SW-006','10.22.254.36','GigabitEthernet0/0/26','3F机房',''),(80,'J3-20','FYKJ-XM-A3F-O-SW-006','10.22.254.36','GigabitEthernet0/0/27','3F机房',''),(81,'K3-20','FYKJ-XM-A3F-O-SW-006','10.22.254.36','GigabitEthernet0/0/28','3F机房',''),(82,'J3-21','FYKJ-XM-A3F-O-SW-006','10.22.254.36','GigabitEthernet0/0/29','3F机房',''),(83,'K3-21','FYKJ-XM-A3F-O-SW-006','10.22.254.36','GigabitEthernet0/0/30','3F机房',''),(84,'J3-22','FYKJ-XM-A3F-O-SW-006','10.22.254.36','GigabitEthernet0/0/31','3F机房',''),(85,'K3-22','FYKJ-XM-A3F-O-SW-006','10.22.254.36','GigabitEthernet0/0/32','3F机房',''),(86,'J3-02','FYKJ-XM-A3F-O-SW-006','10.22.254.36','GigabitEthernet0/0/33','3F机房',''),(87,'K3-02','FYKJ-XM-A3F-O-SW-006','10.22.254.36','GigabitEthernet0/0/34','3F机房',''),(88,'J3-03','FYKJ-XM-A3F-O-SW-006','10.22.254.36','GigabitEthernet0/0/35','3F机房',''),(89,'K3-03','FYKJ-XM-A3F-O-SW-006','10.22.254.36','GigabitEthernet0/0/36','3F机房',''),(90,'J3-04','FYKJ-XM-A3F-O-SW-006','10.22.254.36','GigabitEthernet0/0/37','3F机房',''),(91,'K3-04','FYKJ-XM-A3F-O-SW-006','10.22.254.36','GigabitEthernet0/0/38','3F机房',''),(92,'J3-05','FYKJ-XM-A3F-O-SW-006','10.22.254.36','GigabitEthernet0/0/39','3F机房',''),(93,'K3-05','FYKJ-XM-A3F-O-SW-006','10.22.254.36','GigabitEthernet0/0/40','3F机房',''),(94,'J3-06','FYKJ-XM-A3F-O-SW-006','10.22.254.36','GigabitEthernet0/0/41','3F机房',''),(95,'K3-06','FYKJ-XM-A3F-O-SW-006','10.22.254.36','GigabitEthernet0/0/42','3F机房',''),(96,'J3-16','FYKJ-XM-A3F-O-SW-006','10.22.254.36','GigabitEthernet0/0/43','3F机房',''),(97,'K3-16','FYKJ-XM-A3F-O-SW-006','10.22.254.36','GigabitEthernet0/0/44','3F机房',''),(98,'J3-17','FYKJ-XM-A3F-O-SW-006','10.22.254.36','GigabitEthernet0/0/45','3F机房',''),(99,'K3-17','FYKJ-XM-A3F-O-SW-006','10.22.254.36','GigabitEthernet0/0/46','3F机房',''),(100,'J3-08','FYKJ-XM-A3F-O-SW-006','10.22.254.36','GigabitEthernet0/0/47','3F机房',''),(101,'K3-08','FYKJ-XM-A3F-O-SW-006','10.22.254.36','GigabitEthernet0/0/48','3F机房',''),(102,'D3-85','FYKJ-XM-A3F-O-SW-007','10.22.254.37','GigabitEthernet0/0/1','3F机房',''),(103,'D3-86','FYKJ-XM-A3F-O-SW-007','10.22.254.37','GigabitEthernet0/0/2','3F机房',''),(104,'D3-87','FYKJ-XM-A3F-O-SW-007','10.22.254.37','GigabitEthernet0/0/3','3F机房',''),(105,'D3-88','FYKJ-XM-A3F-O-SW-007','10.22.254.37','GigabitEthernet0/0/4','3F机房',''),(106,'D3-89','FYKJ-XM-A3F-O-SW-007','10.22.254.37','GigabitEthernet0/0/5','3F机房',''),(107,'D3-90','FYKJ-XM-A3F-O-SW-007','10.22.254.37','GigabitEthernet0/0/6','3F机房',''),(108,'D3-91','FYKJ-XM-A3F-O-SW-007','10.22.254.37','GigabitEthernet0/0/7','3F机房',''),(109,'D3-92','FYKJ-XM-A3F-O-SW-007','10.22.254.37','GigabitEthernet0/0/8','3F机房',''),(110,'D3-93','FYKJ-XM-A3F-O-SW-007','10.22.254.37','GigabitEthernet0/0/9','3F机房',''),(111,'D3-94','FYKJ-XM-A3F-O-SW-007','10.22.254.37','GigabitEthernet0/0/10','3F机房',''),(112,'D3-95','FYKJ-XM-A3F-O-SW-007','10.22.254.37','GigabitEthernet0/0/11','3F机房',''),(113,'D3-96','FYKJ-XM-A3F-O-SW-007','10.22.254.37','GigabitEthernet0/0/12','3F机房',''),(114,'D3-97','FYKJ-XM-A3F-O-SW-007','10.22.254.37','GigabitEthernet0/0/13','3F机房',''),(115,'D3-98','FYKJ-XM-A3F-O-SW-007','10.22.254.37','GigabitEthernet0/0/14','3F机房',''),(116,'D3-100','FYKJ-XM-A3F-O-SW-007','10.22.254.37','GigabitEthernet0/0/15','3F机房',''),(117,'D3-101','FYKJ-XM-A3F-O-SW-007','10.22.254.37','GigabitEthernet0/0/16','3F机房',''),(118,'D3-102','FYKJ-XM-A3F-O-SW-007','10.22.254.37','GigabitEthernet0/0/17','3F机房',''),(119,'D3-103','FYKJ-XM-A3F-O-SW-007','10.22.254.37','GigabitEthernet0/0/18','3F机房',''),(120,'D3-104','FYKJ-XM-A3F-O-SW-007','10.22.254.37','GigabitEthernet0/0/19','3F机房',''),(121,'D3-105','FYKJ-XM-A3F-O-SW-007','10.22.254.37','GigabitEthernet0/0/20','3F机房',''),(122,'D3-106','FYKJ-XM-A3F-O-SW-007','10.22.254.37','GigabitEthernet0/0/21','3F机房',''),(123,'D3-107','FYKJ-XM-A3F-O-SW-007','10.22.254.37','GigabitEthernet0/0/22','3F机房',''),(124,'D3-108','FYKJ-XM-A3F-O-SW-007','10.22.254.37','GigabitEthernet0/0/23','3F机房',''),(125,'D3-109','FYKJ-XM-A3F-O-SW-007','10.22.254.37','GigabitEthernet0/0/24','3F机房',''),(126,'D3-110','FYKJ-XM-A3F-O-SW-007','10.22.254.37','GigabitEthernet0/0/25','3F机房',''),(127,'D3-111','FYKJ-XM-A3F-O-SW-007','10.22.254.37','GigabitEthernet0/0/26','3F机房',''),(128,'D3-112','FYKJ-XM-A3F-O-SW-007','10.22.254.37','GigabitEthernet0/0/27','3F机房',''),(129,'D3-113','FYKJ-XM-A3F-O-SW-007','10.22.254.37','GigabitEthernet0/0/28','3F机房',''),(130,'D3-114','FYKJ-XM-A3F-O-SW-007','10.22.254.37','GigabitEthernet0/0/29','3F机房',''),(131,'D3-115','FYKJ-XM-A3F-O-SW-007','10.22.254.37','GigabitEthernet0/0/30','3F机房',''),(132,'D3-116','FYKJ-XM-A3F-O-SW-007','10.22.254.37','GigabitEthernet0/0/31','3F机房',''),(133,'D3-117','FYKJ-XM-A3F-O-SW-007','10.22.254.37','GigabitEthernet0/0/32','3F机房',''),(134,'D3-118','FYKJ-XM-A3F-O-SW-007','10.22.254.37','GigabitEthernet0/0/33','3F机房',''),(135,'D3-119','FYKJ-XM-A3F-O-SW-007','10.22.254.37','GigabitEthernet0/0/34','3F机房',''),(136,'D3-120','FYKJ-XM-A3F-O-SW-007','10.22.254.37','GigabitEthernet0/0/35','3F机房',''),(137,'D3-121','FYKJ-XM-A3F-O-SW-007','10.22.254.37','GigabitEthernet0/0/36','3F机房',''),(138,'E3-02','FYKJ-XM-A3F-O-SW-007','10.22.254.37','GigabitEthernet0/0/41','3F机房',''),(139,'F3-02','FYKJ-XM-A3F-O-SW-007','10.22.254.37','GigabitEthernet0/0/42','3F机房',''),(140,'E3-01','FYKJ-XM-A3F-O-SW-007','10.22.254.37','GigabitEthernet0/0/43','3F机房',''),(141,'F3-01','FYKJ-XM-A3F-O-SW-007','10.22.254.37','GigabitEthernet0/0/44','3F机房',''),(142,'C3-85','FYKJ-XM-A3F-O-SW-008','10.22.254.38','GigabitEthernet0/0/1','3F机房',''),(143,'C3-86','FYKJ-XM-A3F-O-SW-008','10.22.254.38','GigabitEthernet0/0/2','3F机房',''),(144,'C3-87','FYKJ-XM-A3F-O-SW-008','10.22.254.38','GigabitEthernet0/0/3','3F机房',''),(145,'C3-88','FYKJ-XM-A3F-O-SW-008','10.22.254.38','GigabitEthernet0/0/4','3F机房',''),(146,'C3-89','FYKJ-XM-A3F-O-SW-008','10.22.254.38','GigabitEthernet0/0/5','3F机房',''),(147,'C3-90','FYKJ-XM-A3F-O-SW-008','10.22.254.38','GigabitEthernet0/0/6','3F机房',''),(148,'C3-91','FYKJ-XM-A3F-O-SW-008','10.22.254.38','GigabitEthernet0/0/8','3F机房',''),(149,'C3-92','FYKJ-XM-A3F-O-SW-008','10.22.254.38','GigabitEthernet0/0/8','3F机房',''),(150,'C3-93','FYKJ-XM-A3F-O-SW-008','10.22.254.38','GigabitEthernet0/0/9','3F机房',''),(151,'C3-94','FYKJ-XM-A3F-O-SW-008','10.22.254.38','GigabitEthernet0/0/10','3F机房',''),(152,'C3-95','FYKJ-XM-A3F-O-SW-008','10.22.254.38','GigabitEthernet0/0/11','3F机房',''),(153,'C3-96','FYKJ-XM-A3F-O-SW-008','10.22.254.38','GigabitEthernet0/0/12','3F机房',''),(154,'C3-97','FYKJ-XM-A3F-O-SW-008','10.22.254.38','GigabitEthernet0/0/13','3F机房',''),(155,'C3-98','FYKJ-XM-A3F-O-SW-008','10.22.254.38','GigabitEthernet0/0/14','3F机房',''),(156,'C3-100','FYKJ-XM-A3F-O-SW-008','10.22.254.38','GigabitEthernet0/0/15','3F机房',''),(157,'C3-101','FYKJ-XM-A3F-O-SW-008','10.22.254.38','GigabitEthernet0/0/16','3F机房',''),(158,'C3-102','FYKJ-XM-A3F-O-SW-008','10.22.254.38','GigabitEthernet0/0/17','3F机房',''),(159,'C3-103','FYKJ-XM-A3F-O-SW-008','10.22.254.38','GigabitEthernet0/0/18','3F机房',''),(160,'C3-104','FYKJ-XM-A3F-O-SW-008','10.22.254.38','GigabitEthernet0/0/19','3F机房',''),(161,'C3-105','FYKJ-XM-A3F-O-SW-008','10.22.254.38','GigabitEthernet0/0/20','3F机房',''),(162,'C3-106','FYKJ-XM-A3F-O-SW-008','10.22.254.38','GigabitEthernet0/0/21','3F机房',''),(163,'C3-107','FYKJ-XM-A3F-O-SW-008','10.22.254.38','GigabitEthernet0/0/22','3F机房',''),(164,'C3-108','FYKJ-XM-A3F-O-SW-008','10.22.254.38','GigabitEthernet0/0/23','3F机房',''),(165,'C3-109','FYKJ-XM-A3F-O-SW-008','10.22.254.38','GigabitEthernet0/0/24','3F机房',''),(166,'C3-110','FYKJ-XM-A3F-O-SW-008','10.22.254.38','GigabitEthernet0/0/25','3F机房',''),(167,'C3-111','FYKJ-XM-A3F-O-SW-008','10.22.254.38','GigabitEthernet0/0/26','3F机房',''),(168,'C3-112','FYKJ-XM-A3F-O-SW-008','10.22.254.38','GigabitEthernet0/0/27','3F机房',''),(169,'C3-113','FYKJ-XM-A3F-O-SW-008','10.22.254.38','GigabitEthernet0/0/28','3F机房',''),(170,'C3-114','FYKJ-XM-A3F-O-SW-008','10.22.254.38','GigabitEthernet0/0/29','3F机房',''),(171,'C3-115','FYKJ-XM-A3F-O-SW-008','10.22.254.38','GigabitEthernet0/0/30','3F机房',''),(172,'C3-116','FYKJ-XM-A3F-O-SW-008','10.22.254.38','GigabitEthernet0/0/31','3F机房',''),(173,'C3-117','FYKJ-XM-A3F-O-SW-008','10.22.254.38','GigabitEthernet0/0/32','3F机房',''),(174,'C3-118','FYKJ-XM-A3F-O-SW-008','10.22.254.38','GigabitEthernet0/0/33','3F机房',''),(175,'C3-119','FYKJ-XM-A3F-O-SW-008','10.22.254.38','GigabitEthernet0/0/34','3F机房',''),(176,'C3-120','FYKJ-XM-A3F-O-SW-008','10.22.254.38','GigabitEthernet0/0/35','3F机房',''),(177,'C3-121','FYKJ-XM-A3F-O-SW-008','10.22.254.38','GigabitEthernet0/0/36','3F机房',''),(178,'D3-49','FYKJ-XM-A3F-O-SW-002','10.22.254.32','GigabitEthernet0/0/1','3F机房',''),(179,'D3-50','FYKJ-XM-A3F-O-SW-002','10.22.254.32','GigabitEthernet0/0/2','3F机房',''),(180,'D3-51','FYKJ-XM-A3F-O-SW-002','10.22.254.32','GigabitEthernet0/0/3','3F机房',''),(181,'D3-52','FYKJ-XM-A3F-O-SW-002','10.22.254.32','GigabitEthernet0/0/4','3F机房',''),(182,'D3-53','FYKJ-XM-A3F-O-SW-002','10.22.254.32','GigabitEthernet0/0/5','3F机房',''),(183,'D3-54','FYKJ-XM-A3F-O-SW-002','10.22.254.32','GigabitEthernet0/0/6','3F机房',''),(184,'D3-55','FYKJ-XM-A3F-O-SW-002','10.22.254.32','GigabitEthernet0/0/7','3F机房',''),(185,'D3-56','FYKJ-XM-A3F-O-SW-002','10.22.254.32','GigabitEthernet0/0/8','3F机房',''),(186,'D3-57','FYKJ-XM-A3F-O-SW-002','10.22.254.32','GigabitEthernet0/0/9','3F机房',''),(187,'D3-58','FYKJ-XM-A3F-O-SW-002','10.22.254.32','GigabitEthernet0/0/10','3F机房',''),(188,'D3-59','FYKJ-XM-A3F-O-SW-002','10.22.254.32','GigabitEthernet0/0/11','3F机房',''),(189,'D3-60','FYKJ-XM-A3F-O-SW-002','10.22.254.32','GigabitEthernet0/0/12','3F机房',''),(190,'D3-61','FYKJ-XM-A3F-O-SW-002','10.22.254.32','GigabitEthernet0/0/13','3F机房',''),(191,'D3-62','FYKJ-XM-A3F-O-SW-002','10.22.254.32','GigabitEthernet0/0/14','3F机房',''),(192,'D3-63','FYKJ-XM-A3F-O-SW-002','10.22.254.32','GigabitEthernet0/0/15','3F机房',''),(193,'D3-64','FYKJ-XM-A3F-O-SW-002','10.22.254.32','GigabitEthernet0/0/16','3F机房',''),(194,'D3-65','FYKJ-XM-A3F-O-SW-002','10.22.254.32','GigabitEthernet0/0/17','3F机房',''),(195,'D3-66','FYKJ-XM-A3F-O-SW-002','10.22.254.32','GigabitEthernet0/0/18','3F机房',''),(196,'D3-67','FYKJ-XM-A3F-O-SW-002','10.22.254.32','GigabitEthernet0/0/19','3F机房',''),(197,'D3-68','FYKJ-XM-A3F-O-SW-002','10.22.254.32','GigabitEthernet0/0/20','3F机房',''),(198,'D3-69','FYKJ-XM-A3F-O-SW-002','10.22.254.32','GigabitEthernet0/0/21','3F机房',''),(199,'D3-70','FYKJ-XM-A3F-O-SW-002','10.22.254.32','GigabitEthernet0/0/22','3F机房',''),(200,'D3-71','FYKJ-XM-A3F-O-SW-002','10.22.254.32','GigabitEthernet0/0/23','3F机房',''),(201,'D3-72','FYKJ-XM-A3F-O-SW-002','10.22.254.32','GigabitEthernet0/0/24','3F机房',''),(202,'D3-73','FYKJ-XM-A3F-O-SW-002','10.22.254.32','GigabitEthernet0/0/25','3F机房',''),(203,'D3-74','FYKJ-XM-A3F-O-SW-002','10.22.254.32','GigabitEthernet0/0/26','3F机房',''),(204,'D3-75','FYKJ-XM-A3F-O-SW-002','10.22.254.32','GigabitEthernet0/0/27','3F机房',''),(205,'D3-76','FYKJ-XM-A3F-O-SW-002','10.22.254.32','GigabitEthernet0/0/28','3F机房',''),(206,'D3-77','FYKJ-XM-A3F-O-SW-002','10.22.254.32','GigabitEthernet0/0/29','3F机房',''),(207,'D3-78','FYKJ-XM-A3F-O-SW-002','10.22.254.32','GigabitEthernet0/0/30','3F机房',''),(208,'D3-79','FYKJ-XM-A3F-O-SW-002','10.22.254.32','GigabitEthernet0/0/31','3F机房',''),(209,'D3-80','FYKJ-XM-A3F-O-SW-002','10.22.254.32','GigabitEthernet0/0/32','3F机房',''),(210,'D3-81','FYKJ-XM-A3F-O-SW-002','10.22.254.32','GigabitEthernet0/0/33','3F机房',''),(211,'D3-82','FYKJ-XM-A3F-O-SW-002','10.22.254.32','GigabitEthernet0/0/34','3F机房',''),(212,'D3-83','FYKJ-XM-A3F-O-SW-002','10.22.254.32','GigabitEthernet0/0/35','3F机房',''),(213,'D3-84','FYKJ-XM-A3F-O-SW-002','10.22.254.32','GigabitEthernet0/0/36','3F机房',''),(214,'C3-49','FYKJ-XM-A3F-O-SW-003','10.22.254.33','GigabitEthernet0/0/1','3F机房',''),(215,'C3-50','FYKJ-XM-A3F-O-SW-003','10.22.254.33','GigabitEthernet0/0/2','3F机房',''),(216,'C3-51','FYKJ-XM-A3F-O-SW-003','10.22.254.33','GigabitEthernet0/0/3','3F机房',''),(217,'C3-52','FYKJ-XM-A3F-O-SW-003','10.22.254.33','GigabitEthernet0/0/4','3F机房',''),(218,'C3-53','FYKJ-XM-A3F-O-SW-003','10.22.254.33','GigabitEthernet0/0/5','3F机房',''),(219,'C3-54','FYKJ-XM-A3F-O-SW-003','10.22.254.33','GigabitEthernet0/0/6','3F机房',''),(220,'C3-55','FYKJ-XM-A3F-O-SW-003','10.22.254.33','GigabitEthernet0/0/7','3F机房',''),(221,'C3-56','FYKJ-XM-A3F-O-SW-003','10.22.254.33','GigabitEthernet0/0/8','3F机房',''),(222,'C3-57','FYKJ-XM-A3F-O-SW-003','10.22.254.33','GigabitEthernet0/0/9','3F机房',''),(223,'C3-58','FYKJ-XM-A3F-O-SW-003','10.22.254.33','GigabitEthernet0/0/10','3F机房',''),(224,'C3-59','FYKJ-XM-A3F-O-SW-003','10.22.254.33','GigabitEthernet0/0/11','3F机房',''),(225,'C3-60','FYKJ-XM-A3F-O-SW-003','10.22.254.33','GigabitEthernet0/0/12','3F机房',''),(226,'C3-61','FYKJ-XM-A3F-O-SW-003','10.22.254.33','GigabitEthernet0/0/13','3F机房',''),(227,'C3-62','FYKJ-XM-A3F-O-SW-003','10.22.254.33','GigabitEthernet0/0/14','3F机房',''),(228,'C3-63','FYKJ-XM-A3F-O-SW-003','10.22.254.33','GigabitEthernet0/0/15','3F机房',''),(229,'C3-64','FYKJ-XM-A3F-O-SW-003','10.22.254.33','GigabitEthernet0/0/16','3F机房',''),(230,'C3-65','FYKJ-XM-A3F-O-SW-003','10.22.254.33','GigabitEthernet0/0/17','3F机房',''),(231,'C3-66','FYKJ-XM-A3F-O-SW-003','10.22.254.33','GigabitEthernet0/0/18','3F机房',''),(232,'C3-67','FYKJ-XM-A3F-O-SW-003','10.22.254.33','GigabitEthernet0/0/19','3F机房',''),(233,'C3-68','FYKJ-XM-A3F-O-SW-003','10.22.254.33','GigabitEthernet0/0/20','3F机房',''),(234,'C3-69','FYKJ-XM-A3F-O-SW-003','10.22.254.33','GigabitEthernet0/0/21','3F机房',''),(235,'C3-70','FYKJ-XM-A3F-O-SW-003','10.22.254.33','GigabitEthernet0/0/22','3F机房',''),(236,'C3-71','FYKJ-XM-A3F-O-SW-003','10.22.254.33','GigabitEthernet0/0/23','3F机房',''),(237,'C3-72','FYKJ-XM-A3F-O-SW-003','10.22.254.33','GigabitEthernet0/0/24','3F机房',''),(238,'C3-73','FYKJ-XM-A3F-O-SW-003','10.22.254.33','GigabitEthernet0/0/25','3F机房',''),(239,'C3-74','FYKJ-XM-A3F-O-SW-003','10.22.254.33','GigabitEthernet0/0/26','3F机房',''),(240,'C3-75','FYKJ-XM-A3F-O-SW-003','10.22.254.33','GigabitEthernet0/0/27','3F机房',''),(241,'C3-76','FYKJ-XM-A3F-O-SW-003','10.22.254.33','GigabitEthernet0/0/28','3F机房',''),(242,'C3-77','FYKJ-XM-A3F-O-SW-003','10.22.254.33','GigabitEthernet0/0/29','3F机房',''),(243,'C3-78','FYKJ-XM-A3F-O-SW-003','10.22.254.33','GigabitEthernet0/0/30','3F机房',''),(244,'C3-79','FYKJ-XM-A3F-O-SW-003','10.22.254.33','GigabitEthernet0/0/31','3F机房',''),(245,'C3-80','FYKJ-XM-A3F-O-SW-003','10.22.254.33','GigabitEthernet0/0/32','3F机房',''),(246,'C3-81','FYKJ-XM-A3F-O-SW-003','10.22.254.33','GigabitEthernet0/0/33','3F机房',''),(247,'C3-82','FYKJ-XM-A3F-O-SW-003','10.22.254.33','GigabitEthernet0/0/34','3F机房',''),(248,'C3-83','FYKJ-XM-A3F-O-SW-003','10.22.254.33','GigabitEthernet0/0/35','3F机房',''),(249,'C3-84','FYKJ-XM-A3F-O-SW-003','10.22.254.33','GigabitEthernet0/0/36','3F机房',''),(250,'D3-01','FYKJ-XM-A3F-O-SW-004','10.22.254.34','GigabitEthernet0/0/1','3F机房',''),(251,'D3-02','FYKJ-XM-A3F-O-SW-004','10.22.254.34','GigabitEthernet0/0/2','3F机房',''),(252,'D3-03','FYKJ-XM-A3F-O-SW-004','10.22.254.34','GigabitEthernet0/0/3','3F机房',''),(253,'D3-04','FYKJ-XM-A3F-O-SW-004','10.22.254.34','GigabitEthernet0/0/4','3F机房',''),(254,'D3-05','FYKJ-XM-A3F-O-SW-004','10.22.254.34','GigabitEthernet0/0/5','3F机房',''),(255,'D3-06','FYKJ-XM-A3F-O-SW-004','10.22.254.34','GigabitEthernet0/0/6','3F机房',''),(256,'D3-07','FYKJ-XM-A3F-O-SW-004','10.22.254.34','GigabitEthernet0/0/7','3F机房',''),(257,'D3-08','FYKJ-XM-A3F-O-SW-004','10.22.254.34','GigabitEthernet0/0/8','3F机房',''),(258,'D3-09','FYKJ-XM-A3F-O-SW-004','10.22.254.34','GigabitEthernet0/0/9','3F机房',''),(259,'D3-10','FYKJ-XM-A3F-O-SW-004','10.22.254.34','GigabitEthernet0/0/10','3F机房',''),(260,'D3-11','FYKJ-XM-A3F-O-SW-004','10.22.254.34','GigabitEthernet0/0/11','3F机房',''),(261,'D3-12','FYKJ-XM-A3F-O-SW-004','10.22.254.34','GigabitEthernet0/0/12','3F机房',''),(262,'D3-13','FYKJ-XM-A3F-O-SW-004','10.22.254.34','GigabitEthernet0/0/13','3F机房',''),(263,'D3-14','FYKJ-XM-A3F-O-SW-004','10.22.254.34','GigabitEthernet0/0/14','3F机房',''),(264,'D3-15','FYKJ-XM-A3F-O-SW-004','10.22.254.34','GigabitEthernet0/0/15','3F机房',''),(265,'D3-16','FYKJ-XM-A3F-O-SW-004','10.22.254.34','GigabitEthernet0/0/16','3F机房',''),(266,'D3-17','FYKJ-XM-A3F-O-SW-004','10.22.254.34','GigabitEthernet0/0/17','3F机房',''),(267,'D3-18','FYKJ-XM-A3F-O-SW-004','10.22.254.34','GigabitEthernet0/0/18','3F机房',''),(268,'D3-19','FYKJ-XM-A3F-O-SW-004','10.22.254.34','GigabitEthernet0/0/19','3F机房',''),(269,'D3-20','FYKJ-XM-A3F-O-SW-004','10.22.254.34','GigabitEthernet0/0/20','3F机房',''),(270,'D3-21','FYKJ-XM-A3F-O-SW-004','10.22.254.34','GigabitEthernet0/0/21','3F机房',''),(271,'D3-22','FYKJ-XM-A3F-O-SW-004','10.22.254.34','GigabitEthernet0/0/22','3F机房',''),(272,'D3-23','FYKJ-XM-A3F-O-SW-004','10.22.254.34','GigabitEthernet0/0/23','3F机房',''),(273,'D3-24','FYKJ-XM-A3F-O-SW-004','10.22.254.34','GigabitEthernet0/0/24','3F机房',''),(274,'D3-25','FYKJ-XM-A3F-O-SW-004','10.22.254.34','GigabitEthernet0/0/25','3F机房',''),(275,'D3-26','FYKJ-XM-A3F-O-SW-004','10.22.254.34','GigabitEthernet0/0/26','3F机房',''),(276,'D3-27','FYKJ-XM-A3F-O-SW-004','10.22.254.34','GigabitEthernet0/0/27','3F机房',''),(277,'D3-28','FYKJ-XM-A3F-O-SW-004','10.22.254.34','GigabitEthernet0/0/28','3F机房',''),(278,'D3-29','FYKJ-XM-A3F-O-SW-004','10.22.254.34','GigabitEthernet0/0/29','3F机房',''),(279,'D3-30','FYKJ-XM-A3F-O-SW-004','10.22.254.34','GigabitEthernet0/0/30','3F机房',''),(280,'D3-31','FYKJ-XM-A3F-O-SW-004','10.22.254.34','GigabitEthernet0/0/31','3F机房',''),(281,'D3-32','FYKJ-XM-A3F-O-SW-004','10.22.254.34','GigabitEthernet0/0/32','3F机房',''),(282,'D3-33','FYKJ-XM-A3F-O-SW-004','10.22.254.34','GigabitEthernet0/0/33','3F机房',''),(283,'D3-34','FYKJ-XM-A3F-O-SW-004','10.22.254.34','GigabitEthernet0/0/34','3F机房',''),(284,'D3-35','FYKJ-XM-A3F-O-SW-004','10.22.254.34','GigabitEthernet0/0/35','3F机房',''),(285,'D3-36','FYKJ-XM-A3F-O-SW-004','10.22.254.34','GigabitEthernet0/0/36','3F机房',''),(286,'D3-37','FYKJ-XM-A3F-O-SW-004','10.22.254.34','GigabitEthernet0/0/37','3F机房',''),(287,'D3-38','FYKJ-XM-A3F-O-SW-004','10.22.254.34','GigabitEthernet0/0/38','3F机房',''),(288,'D3-39','FYKJ-XM-A3F-O-SW-004','10.22.254.34','GigabitEthernet0/0/39','3F机房',''),(289,'D3-40','FYKJ-XM-A3F-O-SW-004','10.22.254.34','GigabitEthernet0/0/40','3F机房',''),(290,'D3-41','FYKJ-XM-A3F-O-SW-004','10.22.254.34','GigabitEthernet0/0/41','3F机房',''),(291,'D3-42','FYKJ-XM-A3F-O-SW-004','10.22.254.34','GigabitEthernet0/0/42','3F机房',''),(292,'D3-43','FYKJ-XM-A3F-O-SW-004','10.22.254.34','GigabitEthernet0/0/43','3F机房',''),(293,'D3-44','FYKJ-XM-A3F-O-SW-004','10.22.254.34','GigabitEthernet0/0/44','3F机房',''),(294,'D3-45','FYKJ-XM-A3F-O-SW-004','10.22.254.34','GigabitEthernet0/0/45','3F机房',''),(295,'D3-46','FYKJ-XM-A3F-O-SW-004','10.22.254.34','GigabitEthernet0/0/46','3F机房',''),(296,'D3-47','FYKJ-XM-A3F-O-SW-004','10.22.254.34','GigabitEthernet0/0/47','3F机房',''),(297,'D3-48','FYKJ-XM-A3F-O-SW-004','10.22.254.34','GigabitEthernet0/0/48','3F机房',''),(298,'C3-01','FYKJ-XM-A3F-O-SW-005','10.22.254.35','GigabitEthernet0/0/1','3F机房',''),(299,'C3-02','FYKJ-XM-A3F-O-SW-005','10.22.254.35','GigabitEthernet0/0/2','3F机房',''),(300,'C3-03','FYKJ-XM-A3F-O-SW-005','10.22.254.35','GigabitEthernet0/0/3','3F机房',''),(301,'C3-04','FYKJ-XM-A3F-O-SW-005','10.22.254.35','GigabitEthernet0/0/4','3F机房',''),(302,'C3-05','FYKJ-XM-A3F-O-SW-005','10.22.254.35','GigabitEthernet0/0/5','3F机房',''),(303,'C3-06','FYKJ-XM-A3F-O-SW-005','10.22.254.35','GigabitEthernet0/0/6','3F机房',''),(304,'C3-07','FYKJ-XM-A3F-O-SW-005','10.22.254.35','GigabitEthernet0/0/7','3F机房',''),(305,'C3-08','FYKJ-XM-A3F-O-SW-005','10.22.254.35','GigabitEthernet0/0/8','3F机房',''),(306,'C3-09','FYKJ-XM-A3F-O-SW-005','10.22.254.35','GigabitEthernet0/0/9','3F机房',''),(307,'C3-10','FYKJ-XM-A3F-O-SW-005','10.22.254.35','GigabitEthernet0/0/10','3F机房',''),(308,'C3-11','FYKJ-XM-A3F-O-SW-005','10.22.254.35','GigabitEthernet0/0/11','3F机房',''),(309,'C3-12','FYKJ-XM-A3F-O-SW-005','10.22.254.35','GigabitEthernet0/0/12','3F机房',''),(310,'C3-13','FYKJ-XM-A3F-O-SW-005','10.22.254.35','GigabitEthernet0/0/13','3F机房',''),(311,'C3-14','FYKJ-XM-A3F-O-SW-005','10.22.254.35','GigabitEthernet0/0/14','3F机房',''),(312,'C3-15','FYKJ-XM-A3F-O-SW-005','10.22.254.35','GigabitEthernet0/0/15','3F机房',''),(313,'C3-16','FYKJ-XM-A3F-O-SW-005','10.22.254.35','GigabitEthernet0/0/16','3F机房',''),(314,'C3-17','FYKJ-XM-A3F-O-SW-005','10.22.254.35','GigabitEthernet0/0/117','3F机房',''),(315,'C3-18','FYKJ-XM-A3F-O-SW-005','10.22.254.35','GigabitEthernet0/0/18','3F机房',''),(316,'C3-19','FYKJ-XM-A3F-O-SW-005','10.22.254.35','GigabitEthernet0/0/19','3F机房',''),(317,'C3-20','FYKJ-XM-A3F-O-SW-005','10.22.254.35','GigabitEthernet0/0/20','3F机房',''),(318,'C3-21','FYKJ-XM-A3F-O-SW-005','10.22.254.35','GigabitEthernet0/0/21','3F机房',''),(319,'C3-22','FYKJ-XM-A3F-O-SW-005','10.22.254.35','GigabitEthernet0/0/22','3F机房',''),(320,'C3-23','FYKJ-XM-A3F-O-SW-005','10.22.254.35','GigabitEthernet0/0/23','3F机房',''),(321,'C3-24','FYKJ-XM-A3F-O-SW-005','10.22.254.35','GigabitEthernet0/0/24','3F机房',''),(322,'C3-25','FYKJ-XM-A3F-O-SW-005','10.22.254.35','GigabitEthernet0/0/25','3F机房',''),(323,'C3-26','FYKJ-XM-A3F-O-SW-005','10.22.254.35','GigabitEthernet0/0/26','3F机房',''),(324,'C3-27','FYKJ-XM-A3F-O-SW-005','10.22.254.35','GigabitEthernet0/0/27','3F机房',''),(325,'C3-28','FYKJ-XM-A3F-O-SW-005','10.22.254.35','GigabitEthernet0/0/28','3F机房',''),(326,'C3-29','FYKJ-XM-A3F-O-SW-005','10.22.254.35','GigabitEthernet0/0/29','3F机房',''),(327,'C3-30','FYKJ-XM-A3F-O-SW-005','10.22.254.35','GigabitEthernet0/0/30','3F机房',''),(328,'C3-31','FYKJ-XM-A3F-O-SW-005','10.22.254.35','GigabitEthernet0/0/31','3F机房',''),(329,'C3-32','FYKJ-XM-A3F-O-SW-005','10.22.254.35','GigabitEthernet0/0/32','3F机房',''),(330,'C3-33','FYKJ-XM-A3F-O-SW-005','10.22.254.35','GigabitEthernet0/0/33','3F机房',''),(331,'C3-34','FYKJ-XM-A3F-O-SW-005','10.22.254.35','GigabitEthernet0/0/34','3F机房',''),(332,'C3-35','FYKJ-XM-A3F-O-SW-005','10.22.254.35','GigabitEthernet0/0/35','3F机房',''),(333,'C3-36','FYKJ-XM-A3F-O-SW-005','10.22.254.35','GigabitEthernet0/0/36','3F机房',''),(334,'C3-37','FYKJ-XM-A3F-O-SW-005','10.22.254.35','GigabitEthernet0/0/37','3F机房',''),(335,'C3-38','FYKJ-XM-A3F-O-SW-005','10.22.254.35','GigabitEthernet0/0/38','3F机房',''),(336,'C3-39','FYKJ-XM-A3F-O-SW-005','10.22.254.35','GigabitEthernet0/0/39','3F机房',''),(337,'C3-40','FYKJ-XM-A3F-O-SW-005','10.22.254.35','GigabitEthernet0/0/40','3F机房',''),(338,'C3-41','FYKJ-XM-A3F-O-SW-005','10.22.254.35','GigabitEthernet0/0/41','3F机房',''),(339,'C3-42','FYKJ-XM-A3F-O-SW-005','10.22.254.35','GigabitEthernet0/0/42','3F机房',''),(340,'C3-43','FYKJ-XM-A3F-O-SW-005','10.22.254.35','GigabitEthernet0/0/43','3F机房',''),(341,'C3-44','FYKJ-XM-A3F-O-SW-005','10.22.254.35','GigabitEthernet0/0/44','3F机房',''),(342,'C3-45','FYKJ-XM-A3F-O-SW-005','10.22.254.35','GigabitEthernet0/0/45','3F机房',''),(343,'C3-46','FYKJ-XM-A3F-O-SW-005','10.22.254.35','GigabitEthernet0/0/46','3F机房',''),(344,'C3-47','FYKJ-XM-A3F-O-SW-005','10.22.254.35','GigabitEthernet0/0/47','3F机房',''),(345,'C3-48','FYKJ-XM-A3F-O-SW-005','10.22.254.35','GigabitEthernet0/0/48','3F机房',''),(346,'D4-97','FYKJ-XM-A4F-O-SW-001','10.22.254.41','GigabitEthernet0/0/1','4F机房',''),(347,'D4-98','FYKJ-XM-A4F-O-SW-001','10.22.254.41','GigabitEthernet0/0/2','4F机房',''),(348,'D4-99','FYKJ-XM-A4F-O-SW-001','10.22.254.41','GigabitEthernet0/0/3','4F机房',''),(349,'D4-100','FYKJ-XM-A4F-O-SW-001','10.22.254.41','GigabitEthernet0/0/4','4F机房',''),(350,'D4-101','FYKJ-XM-A4F-O-SW-001','10.22.254.41','GigabitEthernet0/0/5','4F机房',''),(351,'D4-102','FYKJ-XM-A4F-O-SW-001','10.22.254.41','GigabitEthernet0/0/6','4F机房',''),(352,'D4-103','FYKJ-XM-A4F-O-SW-001','10.22.254.41','GigabitEthernet0/0/7','4F机房',''),(353,'D4-104','FYKJ-XM-A4F-O-SW-001','10.22.254.41','GigabitEthernet0/0/8','4F机房',''),(354,'D4-105','FYKJ-XM-A4F-O-SW-001','10.22.254.41','GigabitEthernet0/0/9','4F机房',''),(355,'D4-106','FYKJ-XM-A4F-O-SW-001','10.22.254.41','GigabitEthernet0/0/10','4F机房',''),(356,'D4-107','FYKJ-XM-A4F-O-SW-001','10.22.254.41','GigabitEthernet0/0/11','4F机房',''),(357,'D4-108','FYKJ-XM-A4F-O-SW-001','10.22.254.41','GigabitEthernet0/0/12','4F机房',''),(358,'D4-109','FYKJ-XM-A4F-O-SW-001','10.22.254.41','GigabitEthernet0/0/13','4F机房',''),(359,'D4-110','FYKJ-XM-A4F-O-SW-001','10.22.254.41','GigabitEthernet0/0/14','4F机房',''),(360,'D4-111','FYKJ-XM-A4F-O-SW-001','10.22.254.41','GigabitEthernet0/0/15','4F机房',''),(361,'D4-112','FYKJ-XM-A4F-O-SW-001','10.22.254.41','GigabitEthernet0/0/16','4F机房',''),(362,'D4-113','FYKJ-XM-A4F-O-SW-001','10.22.254.41','GigabitEthernet0/0/17','4F机房',''),(363,'D4-114','FYKJ-XM-A4F-O-SW-001','10.22.254.41','GigabitEthernet0/0/18','4F机房',''),(364,'H4-02','FYKJ-XM-A4F-O-SW-001','10.22.254.41','GigabitEthernet0/0/19','4F机房',''),(365,'H4-01','FYKJ-XM-A4F-O-SW-001','10.22.254.41','GigabitEthernet0/0/20','4F机房',''),(366,'K4-01','FYKJ-XM-A4F-O-SW-001','10.22.254.41','GigabitEthernet0/0/21','4F机房',''),(367,'F4-02','FYKJ-XM-A4F-O-SW-001','10.22.254.41','GigabitEthernet0/0/22','4F机房',''),(368,'F4-05','FYKJ-XM-A4F-O-SW-001','10.22.254.41','GigabitEthernet0/0/23','4F机房',''),(369,'F4-04','FYKJ-XM-A4F-O-SW-001','10.22.254.41','GigabitEthernet0/0/24','4F机房',''),(370,'C4-97','FYKJ-XM-A4F-O-SW-002','10.22.254.42','GigabitEthernet0/0/1','4F机房',''),(371,'C4-98','FYKJ-XM-A4F-O-SW-002','10.22.254.42','GigabitEthernet0/0/2','4F机房',''),(372,'C4-99','FYKJ-XM-A4F-O-SW-002','10.22.254.42','GigabitEthernet0/0/3','4F机房',''),(373,'C4-100','FYKJ-XM-A4F-O-SW-002','10.22.254.42','GigabitEthernet0/0/4','4F机房',''),(374,'C4-101','FYKJ-XM-A4F-O-SW-002','10.22.254.42','GigabitEthernet0/0/5','4F机房',''),(375,'C4-102','FYKJ-XM-A4F-O-SW-002','10.22.254.42','GigabitEthernet0/0/6','4F机房',''),(376,'C4-103','FYKJ-XM-A4F-O-SW-002','10.22.254.42','GigabitEthernet0/0/7','4F机房',''),(377,'C4-104','FYKJ-XM-A4F-O-SW-002','10.22.254.42','GigabitEthernet0/0/8','4F机房',''),(378,'C4-105','FYKJ-XM-A4F-O-SW-002','10.22.254.42','GigabitEthernet0/0/9','4F机房',''),(379,'C4-106','FYKJ-XM-A4F-O-SW-002','10.22.254.42','GigabitEthernet0/0/10','4F机房',''),(380,'C4-107','FYKJ-XM-A4F-O-SW-002','10.22.254.42','GigabitEthernet0/0/11','4F机房',''),(381,'C4-108','FYKJ-XM-A4F-O-SW-002','10.22.254.42','GigabitEthernet0/0/12','4F机房',''),(382,'C4-109','FYKJ-XM-A4F-O-SW-002','10.22.254.42','GigabitEthernet0/0/13','4F机房',''),(383,'C4-110','FYKJ-XM-A4F-O-SW-002','10.22.254.42','GigabitEthernet0/0/14','4F机房',''),(384,'C4-111','FYKJ-XM-A4F-O-SW-002','10.22.254.42','GigabitEthernet0/0/15','4F机房',''),(385,'C4-112','FYKJ-XM-A4F-O-SW-002','10.22.254.42','GigabitEthernet0/0/16','4F机房',''),(386,'C4-113','FYKJ-XM-A4F-O-SW-002','10.22.254.42','GigabitEthernet0/0/17','4F机房',''),(387,'C4-114','FYKJ-XM-A4F-O-SW-002','10.22.254.42','GigabitEthernet0/0/18','4F机房',''),(388,'G4-02','FYKJ-XM-A4F-O-SW-002','10.22.254.42','GigabitEthernet0/0/19','4F机房',''),(389,'G4-01','FYKJ-XM-A4F-O-SW-002','10.22.254.42','GigabitEthernet0/0/20','4F机房',''),(390,'J4-01','FYKJ-XM-A4F-O-SW-002','10.22.254.42','GigabitEthernet0/0/21','4F机房',''),(391,'E4-02','FYKJ-XM-A4F-O-SW-002','10.22.254.42','GigabitEthernet0/0/22','4F机房',''),(392,'E4-05','FYKJ-XM-A4F-O-SW-002','10.22.254.42','GigabitEthernet0/0/23','4F机房',''),(393,'E4-04','FYKJ-XM-A4F-O-SW-002','10.22.254.42','GigabitEthernet0/0/24','4F机房',''),(394,'A4F401会议室屏5.39','FYKJ-XM-A4F-O-SW-002','10.22.254.42','GigabitEthernet0/0/45','4F机房',''),(395,'A4F402会议室屏5.38','FYKJ-XM-A4F-O-SW-002','10.22.254.42','GigabitEthernet0/0/46','4F机房',''),(396,'A4F403会议室屏5.37','FYKJ-XM-A4F-O-SW-002','10.22.254.42','GigabitEthernet0/0/47','4F机房',''),(397,'A4F茶水间信息屏5.45','FYKJ-XM-A4F-O-SW-002','10.22.254.42','GigabitEthernet0/0/48','4F机房',''),(398,'D4-49','FYKJ-XM-A4F-O-SW-003','10.22.254.43','GigabitEthernet0/0/1','4F机房',''),(399,'D4-50','FYKJ-XM-A4F-O-SW-003','10.22.254.43','GigabitEthernet0/0/2','4F机房',''),(400,'D4-51','FYKJ-XM-A4F-O-SW-003','10.22.254.43','GigabitEthernet0/0/3','4F机房',''),(401,'D4-52','FYKJ-XM-A4F-O-SW-003','10.22.254.43','GigabitEthernet0/0/4','4F机房',''),(402,'D4-53','FYKJ-XM-A4F-O-SW-003','10.22.254.43','GigabitEthernet0/0/5','4F机房',''),(403,'D4-54','FYKJ-XM-A4F-O-SW-003','10.22.254.43','GigabitEthernet0/0/6','4F机房',''),(404,'D4-55','FYKJ-XM-A4F-O-SW-003','10.22.254.43','GigabitEthernet0/0/7','4F机房',''),(405,'D4-56','FYKJ-XM-A4F-O-SW-003','10.22.254.43','GigabitEthernet0/0/8','4F机房',''),(406,'D4-57','FYKJ-XM-A4F-O-SW-003','10.22.254.43','GigabitEthernet0/0/9','4F机房',''),(407,'D4-58','FYKJ-XM-A4F-O-SW-003','10.22.254.43','GigabitEthernet0/0/10','4F机房',''),(408,'D4-59','FYKJ-XM-A4F-O-SW-003','10.22.254.43','GigabitEthernet0/0/11','4F机房',''),(409,'D4-60','FYKJ-XM-A4F-O-SW-003','10.22.254.43','GigabitEthernet0/0/12','4F机房',''),(410,'D4-61','FYKJ-XM-A4F-O-SW-003','10.22.254.43','GigabitEthernet0/0/13','4F机房',''),(411,'D4-62','FYKJ-XM-A4F-O-SW-003','10.22.254.43','GigabitEthernet0/0/14','4F机房',''),(412,'D4-63','FYKJ-XM-A4F-O-SW-003','10.22.254.43','GigabitEthernet0/0/15','4F机房',''),(413,'D4-64','FYKJ-XM-A4F-O-SW-003','10.22.254.43','GigabitEthernet0/0/16','4F机房',''),(414,'D4-65','FYKJ-XM-A4F-O-SW-003','10.22.254.43','GigabitEthernet0/0/17','4F机房',''),(415,'D4-66','FYKJ-XM-A4F-O-SW-003','10.22.254.43','GigabitEthernet0/0/18','4F机房',''),(416,'D4-67','FYKJ-XM-A4F-O-SW-003','10.22.254.43','GigabitEthernet0/0/19','4F机房',''),(417,'D4-68','FYKJ-XM-A4F-O-SW-003','10.22.254.43','GigabitEthernet0/0/20','4F机房',''),(418,'D4-69','FYKJ-XM-A4F-O-SW-003','10.22.254.43','GigabitEthernet0/0/21','4F机房',''),(419,'D4-70','FYKJ-XM-A4F-O-SW-003','10.22.254.43','GigabitEthernet0/0/22','4F机房',''),(420,'D4-71','FYKJ-XM-A4F-O-SW-003','10.22.254.43','GigabitEthernet0/0/23','4F机房',''),(421,'D4-72','FYKJ-XM-A4F-O-SW-003','10.22.254.43','GigabitEthernet0/0/24','4F机房',''),(422,'D4-73','FYKJ-XM-A4F-O-SW-003','10.22.254.43','GigabitEthernet0/0/25','4F机房',''),(423,'D4-74','FYKJ-XM-A4F-O-SW-003','10.22.254.43','GigabitEthernet0/0/26','4F机房',''),(424,'D4-75','FYKJ-XM-A4F-O-SW-003','10.22.254.43','GigabitEthernet0/0/27','4F机房',''),(425,'D4-76','FYKJ-XM-A4F-O-SW-003','10.22.254.43','GigabitEthernet0/0/28','4F机房',''),(426,'D4-77','FYKJ-XM-A4F-O-SW-003','10.22.254.43','GigabitEthernet0/0/29','4F机房',''),(427,'D4-78','FYKJ-XM-A4F-O-SW-003','10.22.254.43','GigabitEthernet0/0/30','4F机房',''),(428,'D4-79','FYKJ-XM-A4F-O-SW-003','10.22.254.43','GigabitEthernet0/0/31','4F机房',''),(429,'D4-80','FYKJ-XM-A4F-O-SW-003','10.22.254.43','GigabitEthernet0/0/32','4F机房',''),(430,'D4-81','FYKJ-XM-A4F-O-SW-003','10.22.254.43','GigabitEthernet0/0/33','4F机房',''),(431,'D4-82','FYKJ-XM-A4F-O-SW-003','10.22.254.43','GigabitEthernet0/0/34','4F机房',''),(432,'D4-83','FYKJ-XM-A4F-O-SW-003','10.22.254.43','GigabitEthernet0/0/35','4F机房',''),(433,'D4-84','FYKJ-XM-A4F-O-SW-003','10.22.254.43','GigabitEthernet0/0/36','4F机房',''),(434,'D4-85','FYKJ-XM-A4F-O-SW-003','10.22.254.43','GigabitEthernet0/0/37','4F机房',''),(435,'D4-86','FYKJ-XM-A3F-O-SW-003','10.22.254.33','GigabitEthernet0/0/38','4F机房',''),(436,'D4-87','FYKJ-XM-A4F-O-SW-003','10.22.254.43','GigabitEthernet0/0/39','4F机房',''),(437,'D4-88','FYKJ-XM-A4F-O-SW-003','10.22.254.43','GigabitEthernet0/0/40','4F机房',''),(438,'D4-89','FYKJ-XM-A4F-O-SW-003','10.22.254.43','GigabitEthernet0/0/41','4F机房',''),(439,'D4-90','FYKJ-XM-A4F-O-SW-003','10.22.254.43','GigabitEthernet0/0/42','4F机房',''),(440,'D4-91','FYKJ-XM-A4F-O-SW-003','10.22.254.43','GigabitEthernet0/0/43','4F机房',''),(441,'D4-92','FYKJ-XM-A4F-O-SW-003','10.22.254.43','GigabitEthernet0/0/44','4F机房',''),(442,'D4-93','FYKJ-XM-A4F-O-SW-003','10.22.254.43','GigabitEthernet0/0/45','4F机房',''),(443,'D4-94','FYKJ-XM-A4F-O-SW-003','10.22.254.43','GigabitEthernet0/0/46','4F机房',''),(444,'D4-95','FYKJ-XM-A4F-O-SW-003','10.22.254.43','GigabitEthernet0/0/47','4F机房',''),(445,'D4-96','FYKJ-XM-A4F-O-SW-003','10.22.254.43','GigabitEthernet0/0/48','4F机房',''),(446,'C4-49','FYKJ-XM-A4F-O-SW-004','10.22.254.44','GigabitEthernet0/0/1','4F机房',''),(447,'C4-50','FYKJ-XM-A4F-O-SW-004','10.22.254.44','GigabitEthernet0/0/2','4F机房',''),(448,'C4-51','FYKJ-XM-A4F-O-SW-004','10.22.254.44','GigabitEthernet0/0/3','4F机房',''),(449,'C4-52','FYKJ-XM-A4F-O-SW-004','10.22.254.44','GigabitEthernet0/0/4','4F机房',''),(450,'C4-53','FYKJ-XM-A4F-O-SW-004','10.22.254.44','GigabitEthernet0/0/5','4F机房',''),(451,'C4-54','FYKJ-XM-A4F-O-SW-004','10.22.254.44','GigabitEthernet0/0/6','4F机房',''),(452,'C4-55','FYKJ-XM-A4F-O-SW-004','10.22.254.44','GigabitEthernet0/0/7','4F机房',''),(453,'C4-56','FYKJ-XM-A4F-O-SW-004','10.22.254.44','GigabitEthernet0/0/8','4F机房',''),(454,'C4-57','FYKJ-XM-A4F-O-SW-004','10.22.254.44','GigabitEthernet0/0/9','4F机房',''),(455,'C4-58','FYKJ-XM-A4F-O-SW-004','10.22.254.44','GigabitEthernet0/0/10','4F机房',''),(456,'C4-59','FYKJ-XM-A4F-O-SW-004','10.22.254.44','GigabitEthernet0/0/11','4F机房',''),(457,'C4-60','FYKJ-XM-A4F-O-SW-004','10.22.254.44','GigabitEthernet0/0/12','4F机房',''),(458,'C4-61','FYKJ-XM-A4F-O-SW-004','10.22.254.44','GigabitEthernet0/0/13','4F机房',''),(459,'C4-62','FYKJ-XM-A4F-O-SW-004','10.22.254.44','GigabitEthernet0/0/14','4F机房',''),(460,'C4-63','FYKJ-XM-A4F-O-SW-004','10.22.254.44','GigabitEthernet0/0/15','4F机房',''),(461,'C4-64','FYKJ-XM-A4F-O-SW-004','10.22.254.44','GigabitEthernet0/0/16','4F机房',''),(462,'C4-65','FYKJ-XM-A4F-O-SW-004','10.22.254.44','GigabitEthernet0/0/17','4F机房',''),(463,'C4-66','FYKJ-XM-A4F-O-SW-004','10.22.254.44','GigabitEthernet0/0/18','4F机房',''),(464,'C4-67','FYKJ-XM-A4F-O-SW-004','10.22.254.44','GigabitEthernet0/0/19','4F机房',''),(465,'C4-68','FYKJ-XM-A4F-O-SW-004','10.22.254.44','GigabitEthernet0/0/20','4F机房',''),(466,'C4-69','FYKJ-XM-A4F-O-SW-004','10.22.254.44','GigabitEthernet0/0/21','4F机房',''),(467,'C4-70','FYKJ-XM-A4F-O-SW-004','10.22.254.44','GigabitEthernet0/0/22','4F机房',''),(468,'C4-71','FYKJ-XM-A4F-O-SW-004','10.22.254.44','GigabitEthernet0/0/23','4F机房',''),(469,'C4-72','FYKJ-XM-A4F-O-SW-004','10.22.254.44','GigabitEthernet0/0/24','4F机房',''),(470,'C4-73','FYKJ-XM-A4F-O-SW-004','10.22.254.44','GigabitEthernet0/0/25','4F机房',''),(471,'C4-74','FYKJ-XM-A4F-O-SW-004','10.22.254.44','GigabitEthernet0/0/26','4F机房',''),(472,'C4-75','FYKJ-XM-A4F-O-SW-004','10.22.254.44','GigabitEthernet0/0/27','4F机房',''),(473,'C4-76','FYKJ-XM-A4F-O-SW-004','10.22.254.44','GigabitEthernet0/0/28','4F机房',''),(474,'C4-77','FYKJ-XM-A4F-O-SW-004','10.22.254.44','GigabitEthernet0/0/29','4F机房',''),(475,'C4-78','FYKJ-XM-A4F-O-SW-004','10.22.254.44','GigabitEthernet0/0/30','4F机房',''),(476,'C4-79','FYKJ-XM-A4F-O-SW-004','10.22.254.44','GigabitEthernet0/0/31','4F机房',''),(477,'C4-80','FYKJ-XM-A4F-O-SW-004','10.22.254.44','GigabitEthernet0/0/32','4F机房',''),(478,'C4-81','FYKJ-XM-A4F-O-SW-004','10.22.254.44','GigabitEthernet0/0/33','4F机房',''),(479,'C4-82','FYKJ-XM-A4F-O-SW-004','10.22.254.44','GigabitEthernet0/0/34','4F机房',''),(480,'C4-83','FYKJ-XM-A4F-O-SW-004','10.22.254.44','GigabitEthernet0/0/35','4F机房',''),(481,'C4-84','FYKJ-XM-A4F-O-SW-004','10.22.254.44','GigabitEthernet0/0/36','4F机房',''),(482,'C4-85','FYKJ-XM-A4F-O-SW-004','10.22.254.44','GigabitEthernet0/0/37','4F机房',''),(483,'C4-86','FYKJ-XM-A4F-O-SW-004','10.22.254.44','GigabitEthernet0/0/38','4F机房',''),(484,'C4-87','FYKJ-XM-A4F-O-SW-004','10.22.254.44','GigabitEthernet0/0/39','4F机房',''),(485,'C4-88','FYKJ-XM-A4F-O-SW-004','10.22.254.44','GigabitEthernet0/0/40','4F机房',''),(486,'C4-89','FYKJ-XM-A4F-O-SW-004','10.22.254.44','GigabitEthernet0/0/41','4F机房',''),(487,'C4-90','FYKJ-XM-A4F-O-SW-004','10.22.254.44','GigabitEthernet0/0/42','4F机房',''),(488,'C4-91','FYKJ-XM-A4F-O-SW-004','10.22.254.44','GigabitEthernet0/0/43','4F机房',''),(489,'C4-92','FYKJ-XM-A4F-O-SW-004','10.22.254.44','GigabitEthernet0/0/44','4F机房',''),(490,'C4-93','FYKJ-XM-A4F-O-SW-004','10.22.254.44','GigabitEthernet0/0/45','4F机房',''),(491,'C4-94','FYKJ-XM-A4F-O-SW-004','10.22.254.44','GigabitEthernet0/0/46','4F机房',''),(492,'C4-95','FYKJ-XM-A4F-O-SW-004','10.22.254.44','GigabitEthernet0/0/47','4F机房',''),(493,'C4-96','FYKJ-XM-A4F-O-SW-004','10.22.254.44','GigabitEthernet0/0/48','4F机房',''),(494,'D4-01','FYKJ-XM-A4F-O-SW-005','10.22.254.45','GigabitEthernet0/0/1','4F机房',''),(495,'D4-02','FYKJ-XM-A4F-O-SW-005','10.22.254.45','GigabitEthernet0/0/2','4F机房',''),(496,'D4-03','FYKJ-XM-A4F-O-SW-005','10.22.254.45','GigabitEthernet0/0/3','4F机房',''),(497,'D4-04','FYKJ-XM-A4F-O-SW-005','10.22.254.45','GigabitEthernet0/0/4','4F机房',''),(498,'D4-05','FYKJ-XM-A4F-O-SW-005','10.22.254.45','GigabitEthernet0/0/5','4F机房',''),(499,'D4-06','FYKJ-XM-A4F-O-SW-005','10.22.254.45','GigabitEthernet0/0/6','4F机房',''),(500,'D4-07','FYKJ-XM-A4F-O-SW-005','10.22.254.45','GigabitEthernet0/0/7','4F机房',''),(501,'D4-08','FYKJ-XM-A4F-O-SW-005','10.22.254.45','GigabitEthernet0/0/8','4F机房',''),(502,'D4-09','FYKJ-XM-A4F-O-SW-005','10.22.254.45','GigabitEthernet0/0/9','4F机房',''),(503,'D4-10','FYKJ-XM-A4F-O-SW-005','10.22.254.45','GigabitEthernet0/0/10','4F机房',''),(504,'D4-11','FYKJ-XM-A4F-O-SW-005','10.22.254.45','GigabitEthernet0/0/11','4F机房',''),(505,'D4-12','FYKJ-XM-A4F-O-SW-005','10.22.254.45','GigabitEthernet0/0/12','4F机房',''),(506,'D4-13','FYKJ-XM-A4F-O-SW-005','10.22.254.45','GigabitEthernet0/0/13','4F机房',''),(507,'D4-14','FYKJ-XM-A4F-O-SW-005','10.22.254.45','GigabitEthernet0/0/14','4F机房',''),(508,'D4-15','FYKJ-XM-A4F-O-SW-005','10.22.254.45','GigabitEthernet0/0/15','4F机房',''),(509,'D4-16','FYKJ-XM-A4F-O-SW-005','10.22.254.45','GigabitEthernet0/0/16','4F机房',''),(510,'D4-17','FYKJ-XM-A4F-O-SW-005','10.22.254.45','GigabitEthernet0/0/17','4F机房',''),(511,'D4-18','FYKJ-XM-A4F-O-SW-005','10.22.254.45','GigabitEthernet0/0/18','4F机房',''),(512,'D4-19','FYKJ-XM-A4F-O-SW-005','10.22.254.45','GigabitEthernet0/0/19','4F机房',''),(513,'D4-20','FYKJ-XM-A4F-O-SW-005','10.22.254.45','GigabitEthernet0/0/20','4F机房',''),(514,'D4-21','FYKJ-XM-A4F-O-SW-005','10.22.254.45','GigabitEthernet0/0/21','4F机房',''),(515,'D4-22','FYKJ-XM-A4F-O-SW-005','10.22.254.45','GigabitEthernet0/0/22','4F机房',''),(516,'D4-23','FYKJ-XM-A4F-O-SW-005','10.22.254.45','GigabitEthernet0/0/23','4F机房',''),(517,'D4-24','FYKJ-XM-A4F-O-SW-005','10.22.254.45','GigabitEthernet0/0/24','4F机房',''),(518,'D4-25','FYKJ-XM-A4F-O-SW-005','10.22.254.45','GigabitEthernet0/0/25','4F机房',''),(519,'D4-26','FYKJ-XM-A4F-O-SW-005','10.22.254.45','GigabitEthernet0/0/26','4F机房',''),(520,'D4-27','FYKJ-XM-A4F-O-SW-005','10.22.254.45','GigabitEthernet0/0/27','4F机房',''),(521,'D4-28','FYKJ-XM-A4F-O-SW-005','10.22.254.45','GigabitEthernet0/0/28','4F机房',''),(522,'D4-29','FYKJ-XM-A4F-O-SW-005','10.22.254.45','GigabitEthernet0/0/29','4F机房',''),(523,'D4-30','FYKJ-XM-A4F-O-SW-005','10.22.254.45','GigabitEthernet0/0/30','4F机房',''),(524,'D4-31','FYKJ-XM-A4F-O-SW-005','10.22.254.45','GigabitEthernet0/0/31','4F机房',''),(525,'D4-32','FYKJ-XM-A4F-O-SW-005','10.22.254.45','GigabitEthernet0/0/32','4F机房',''),(526,'D4-33','FYKJ-XM-A4F-O-SW-005','10.22.254.45','GigabitEthernet0/0/33','4F机房',''),(527,'D4-34','FYKJ-XM-A4F-O-SW-005','10.22.254.45','GigabitEthernet0/0/34','4F机房',''),(528,'D4-35','FYKJ-XM-A4F-O-SW-005','10.22.254.45','GigabitEthernet0/0/35','4F机房',''),(529,'D4-36','FYKJ-XM-A4F-O-SW-005','10.22.254.45','GigabitEthernet0/0/36','4F机房',''),(530,'D4-37','FYKJ-XM-A4F-O-SW-005','10.22.254.45','GigabitEthernet0/0/37','4F机房',''),(531,'D4-38','FYKJ-XM-A4F-O-SW-005','10.22.254.45','GigabitEthernet0/0/38','4F机房',''),(532,'D4-39','FYKJ-XM-A4F-O-SW-005','10.22.254.45','GigabitEthernet0/0/39','4F机房',''),(533,'D4-40','FYKJ-XM-A4F-O-SW-005','10.22.254.45','GigabitEthernet0/0/40','4F机房',''),(534,'D4-41','FYKJ-XM-A4F-O-SW-005','10.22.254.45','GigabitEthernet0/0/41','4F机房',''),(535,'D4-42','FYKJ-XM-A4F-O-SW-005','10.22.254.45','GigabitEthernet0/0/42','4F机房',''),(536,'D4-43','FYKJ-XM-A4F-O-SW-005','10.22.254.45','GigabitEthernet0/0/43','4F机房',''),(537,'D4-44','FYKJ-XM-A4F-O-SW-005','10.22.254.45','GigabitEthernet0/0/44','4F机房',''),(538,'D4-45','FYKJ-XM-A4F-O-SW-005','10.22.254.45','GigabitEthernet0/0/45','4F机房',''),(539,'D4-46','FYKJ-XM-A4F-O-SW-005','10.22.254.45','GigabitEthernet0/0/46','4F机房',''),(540,'D4-47','FYKJ-XM-A4F-O-SW-005','10.22.254.45','GigabitEthernet0/0/47','4F机房',''),(541,'D4-48','FYKJ-XM-A4F-O-SW-005','10.22.254.45','GigabitEthernet0/0/48','4F机房',''),(542,'C4-01','FYKJ-XM-A4F-O-SW-006','10.22.254.46','GigabitEthernet0/0/1','4F机房',''),(543,'C4-02','FYKJ-XM-A4F-O-SW-006','10.22.254.46','GigabitEthernet0/0/2','4F机房',''),(544,'C4-03','FYKJ-XM-A4F-O-SW-006','10.22.254.46','GigabitEthernet0/0/3','4F机房',''),(545,'C4-04','FYKJ-XM-A4F-O-SW-006','10.22.254.46','GigabitEthernet0/0/4','4F机房',''),(546,'C4-05','FYKJ-XM-A4F-O-SW-006','10.22.254.46','GigabitEthernet0/0/5','4F机房',''),(547,'C4-06','FYKJ-XM-A4F-O-SW-006','10.22.254.46','GigabitEthernet0/0/6','4F机房',''),(548,'C4-07','FYKJ-XM-A4F-O-SW-006','10.22.254.46','GigabitEthernet0/0/7','4F机房',''),(549,'C4-08','FYKJ-XM-A4F-O-SW-006','10.22.254.46','GigabitEthernet0/0/8','4F机房',''),(550,'C4-09','FYKJ-XM-A4F-O-SW-006','10.22.254.46','GigabitEthernet0/0/9','4F机房',''),(551,'C4-10','FYKJ-XM-A4F-O-SW-006','10.22.254.46','GigabitEthernet0/0/10','4F机房',''),(552,'C4-11','FYKJ-XM-A4F-O-SW-006','10.22.254.46','GigabitEthernet0/0/11','4F机房',''),(553,'C4-12','FYKJ-XM-A4F-O-SW-006','10.22.254.46','GigabitEthernet0/0/12','4F机房',''),(554,'C4-13','FYKJ-XM-A4F-O-SW-006','10.22.254.46','GigabitEthernet0/0/13','4F机房',''),(555,'C4-14','FYKJ-XM-A4F-O-SW-006','10.22.254.46','GigabitEthernet0/0/14','4F机房',''),(556,'C4-15','FYKJ-XM-A4F-O-SW-006','10.22.254.46','GigabitEthernet0/0/15','4F机房',''),(557,'C4-16','FYKJ-XM-A4F-O-SW-006','10.22.254.46','GigabitEthernet0/0/16','4F机房',''),(558,'C4-17','FYKJ-XM-A4F-O-SW-006','10.22.254.46','GigabitEthernet0/0/17','4F机房',''),(559,'C4-18','FYKJ-XM-A4F-O-SW-006','10.22.254.46','GigabitEthernet0/0/18','4F机房',''),(560,'C4-19','FYKJ-XM-A4F-O-SW-006','10.22.254.46','GigabitEthernet0/0/19','4F机房',''),(561,'C4-20','FYKJ-XM-A4F-O-SW-006','10.22.254.46','GigabitEthernet0/0/20','4F机房',''),(562,'C4-21','FYKJ-XM-A4F-O-SW-006','10.22.254.46','GigabitEthernet0/0/21','4F机房',''),(563,'C4-22','FYKJ-XM-A4F-O-SW-006','10.22.254.46','GigabitEthernet0/0/22','4F机房',''),(564,'C4-23','FYKJ-XM-A4F-O-SW-006','10.22.254.46','GigabitEthernet0/0/23','4F机房',''),(565,'C4-24','FYKJ-XM-A4F-O-SW-006','10.22.254.46','GigabitEthernet0/0/24','4F机房',''),(566,'C4-25','FYKJ-XM-A4F-O-SW-006','10.22.254.46','GigabitEthernet0/0/25','4F机房',''),(567,'C4-26','FYKJ-XM-A4F-O-SW-006','10.22.254.46','GigabitEthernet0/0/26','4F机房',''),(568,'C4-27','FYKJ-XM-A4F-O-SW-006','10.22.254.46','GigabitEthernet0/0/27','4F机房',''),(569,'C4-28','FYKJ-XM-A4F-O-SW-006','10.22.254.46','GigabitEthernet0/0/28','4F机房',''),(570,'C4-29','FYKJ-XM-A4F-O-SW-006','10.22.254.46','GigabitEthernet0/0/29','4F机房',''),(571,'C4-30','FYKJ-XM-A4F-O-SW-006','10.22.254.46','GigabitEthernet0/0/30','4F机房',''),(572,'C4-31','FYKJ-XM-A4F-O-SW-006','10.22.254.46','GigabitEthernet0/0/31','4F机房',''),(573,'C4-32','FYKJ-XM-A4F-O-SW-006','10.22.254.46','GigabitEthernet0/0/32','4F机房',''),(574,'C4-33','FYKJ-XM-A4F-O-SW-006','10.22.254.46','GigabitEthernet0/0/33','4F机房',''),(575,'C4-34','FYKJ-XM-A4F-O-SW-006','10.22.254.46','GigabitEthernet0/0/34','4F机房',''),(576,'C4-35','FYKJ-XM-A4F-O-SW-006','10.22.254.46','GigabitEthernet0/0/35','4F机房',''),(577,'C4-36','FYKJ-XM-A4F-O-SW-006','10.22.254.46','GigabitEthernet0/0/36','4F机房',''),(578,'C4-37','FYKJ-XM-A4F-O-SW-006','10.22.254.46','GigabitEthernet0/0/37','4F机房',''),(579,'C4-38','FYKJ-XM-A4F-O-SW-006','10.22.254.46','GigabitEthernet0/0/38','4F机房',''),(580,'C4-39','FYKJ-XM-A4F-O-SW-006','10.22.254.46','GigabitEthernet0/0/39','4F机房',''),(581,'C4-40','FYKJ-XM-A4F-O-SW-006','10.22.254.46','GigabitEthernet0/0/40','4F机房',''),(582,'C4-41','FYKJ-XM-A4F-O-SW-006','10.22.254.46','GigabitEthernet0/0/41','4F机房',''),(583,'C4-42','FYKJ-XM-A4F-O-SW-006','10.22.254.46','GigabitEthernet0/0/44','4F机房',''),(584,'C4-43','FYKJ-XM-A4F-O-SW-006','10.22.254.46','GigabitEthernet0/0/43','4F机房',''),(585,'C4-44','FYKJ-XM-A4F-O-SW-006','10.22.254.46','GigabitEthernet0/0/44','4F机房',''),(586,'C4-45','FYKJ-XM-A4F-O-SW-006','10.22.254.46','GigabitEthernet0/0/45','4F机房',''),(587,'C4-46','FYKJ-XM-A4F-O-SW-006','10.22.254.46','GigabitEthernet0/0/46','4F机房',''),(588,'C4-47','FYKJ-XM-A4F-O-SW-006','10.22.254.46','GigabitEthernet0/0/47','4F机房',''),(589,'C4-48','FYKJ-XM-A4F-O-SW-006','10.22.254.46','GigabitEthernet0/0/48','4F机房',''),(590,'G4-03','FYKJ-XM-A4F-O-SW-007','10.22.254.47','GigabitEthernet0/0/1','4F机房',''),(591,'G4-04','FYKJ-XM-A4F-O-SW-007','10.22.254.47','GigabitEthernet0/0/2','4F机房',''),(592,'H4-03','FYKJ-XM-A4F-O-SW-007','10.22.254.47','GigabitEthernet0/0/3','4F机房',''),(593,'H4-04','FYKJ-XM-A4F-O-SW-007','10.22.254.47','GigabitEthernet0/0/4','4F机房',''),(594,'E4-01','FYKJ-XM-A4F-O-SW-007','10.22.254.47','GigabitEthernet0/0/5','4F机房',''),(595,'F4-01','FYKJ-XM-A4F-O-SW-007','10.22.254.47','GigabitEthernet0/0/6','4F机房',''),(596,'E4-06','FYKJ-XM-A4F-O-SW-007','10.22.254.47','GigabitEthernet0/0/7','4F机房',''),(597,'F4-06','FYKJ-XM-A4F-O-SW-007','10.22.254.47','GigabitEthernet0/0/8','4F机房',''),(598,'K4-10','FYKJ-XM-A4F-O-SW-007','10.22.254.47','GigabitEthernet0/0/9','4F机房',''),(599,'K4-11','FYKJ-XM-A4F-O-SW-007','10.22.254.47','GigabitEthernet0/0/10','4F机房',''),(600,'G4-07','FYKJ-XM-A4F-O-SW-007','10.22.254.47','GigabitEthernet0/0/11','4F机房',''),(601,'G4-08','FYKJ-XM-A4F-O-SW-007','10.22.254.47','GigabitEthernet0/0/12','4F机房',''),(602,'G4-09','FYKJ-XM-A4F-O-SW-007','10.22.254.47','GigabitEthernet0/0/13','4F机房',''),(603,'G4-10','FYKJ-XM-A4F-O-SW-007','10.22.254.47','GigabitEthernet0/0/14','4F机房',''),(604,'G4-11','FYKJ-XM-A4F-O-SW-007','10.22.254.47','GigabitEthernet0/0/15','4F机房',''),(605,'G4-12','FYKJ-XM-A4F-O-SW-007','10.22.254.47','GigabitEthernet0/0/16','4F机房',''),(606,'G4-13','FYKJ-XM-A4F-O-SW-007','10.22.254.47','GigabitEthernet0/0/17','4F机房',''),(607,'G4-14','FYKJ-XM-A4F-O-SW-007','10.22.254.47','GigabitEthernet0/0/18','4F机房',''),(608,'J4-04','FYKJ-XM-A4F-O-SW-007','10.22.254.47','GigabitEthernet0/0/19','4F机房',''),(609,'J4-05','FYKJ-XM-A4F-O-SW-007','10.22.254.47','GigabitEthernet0/0/20','4F机房','连接飞羽小游戏2新增交换机_10.22.254.60'),(610,'J4-06','FYKJ-XM-A4F-O-SW-007','10.22.254.47','GigabitEthernet0/0/21','4F机房',''),(611,'J4-07','FYKJ-XM-A4F-O-SW-007','10.22.254.47','GigabitEthernet0/0/22','4F机房',''),(612,'J4-08','FYKJ-XM-A4F-O-SW-007','10.22.254.47','GigabitEthernet0/0/23','4F机房',''),(613,'J4-09','FYKJ-XM-A4F-O-SW-007','10.22.254.47','GigabitEthernet0/0/24','4F机房',''),(614,'J4-10','FYKJ-XM-A4F-O-SW-007','10.22.254.47','GigabitEthernet0/0/25','4F机房',''),(615,'J4-11','FYKJ-XM-A4F-O-SW-007','10.22.254.47','GigabitEthernet0/0/26','4F机房',''),(616,'J4-14','FYKJ-XM-A4F-O-SW-007','10.22.254.47','GigabitEthernet0/0/27','4F机房',''),(617,'H4-07','FYKJ-XM-A4F-O-SW-007','10.22.254.47','GigabitEthernet0/0/29','4F机房',''),(618,'H4-08','FYKJ-XM-A4F-O-SW-007','10.22.254.47','GigabitEthernet0/0/30','4F机房',''),(619,'H4-11','FYKJ-XM-A4F-O-SW-007','10.22.254.47','GigabitEthernet0/0/31','4F机房',''),(620,'H4-12','FYKJ-XM-A4F-O-SW-007','10.22.254.47','GigabitEthernet0/0/32','4F机房',''),(621,'H4-13','FYKJ-XM-A4F-O-SW-007','10.22.254.47','GigabitEthernet0/0/33','4F机房',''),(622,'H4-14','FYKJ-XM-A4F-O-SW-007','10.22.254.47','GigabitEthernet0/0/34','4F机房',''),(623,'K4-14','FYKJ-XM-A4F-O-SW-007','10.22.254.47','GigabitEthernet0/0/35','4F机房',''),(624,'K4-08','FYKJ-XM-A4F-O-SW-007','10.22.254.47','GigabitEthernet0/0/36','4F机房',''),(625,'K4-07','FYKJ-XM-A4F-O-SW-007','10.22.254.47','GigabitEthernet0/0/37','4F机房',''),(626,'K4-09','FYKJ-XM-A4F-O-SW-007','10.22.254.47','GigabitEthernet0/0/38','4F机房',''),(627,'K4-06','FYKJ-XM-A4F-O-SW-007','10.22.254.47','GigabitEthernet0/0/39','4F机房',''),(628,'K4-05','FYKJ-XM-A4F-O-SW-007','10.22.254.47','GigabitEthernet0/0/40','4F机房',''),(629,'K4-04','FYKJ-XM-A4F-O-SW-007','10.22.254.47','GigabitEthernet0/0/41','4F机房',''),(630,'H4-01','FYKJ-XM-A4F-O-SW-007','10.22.254.47','GigabitEthernet0/0/43','4F机房',''),(631,'H4-09','FYKJ-XM-A4F-O-SW-007','10.22.254.47','GigabitEthernet0/0/44','4F机房',''),(632,'H4-16','FYKJ-XM-A4F-O-SW-007','10.22.254.47','GigabitEthernet0/0/45','4F机房',''),(633,'G4-16','FYKJ-XM-A4F-O-SW-007','10.22.254.47','GigabitEthernet0/0/46','4F机房',''),(634,'H4-17','FYKJ-XM-A4F-O-SW-007','10.22.254.47','GigabitEthernet0/0/47','4F机房',''),(635,'D4-115','FYKJ-XM-A4F-O-SW-008','10.22.254.48','GigabitEthernet0/0/1','4F机房',''),(636,'D4-116','FYKJ-XM-A4F-O-SW-008','10.22.254.48','GigabitEthernet0/0/2','4F机房',''),(637,'D4-117','FYKJ-XM-A4F-O-SW-008','10.22.254.48','GigabitEthernet0/0/3','4F机房',''),(638,'D4-118','FYKJ-XM-A4F-O-SW-008','10.22.254.48','GigabitEthernet0/0/4','4F机房',''),(639,'D4-119','FYKJ-XM-A4F-O-SW-008','10.22.254.48','GigabitEthernet0/0/5','4F机房',''),(640,'D4-120','FYKJ-XM-A4F-O-SW-008','10.22.254.48','GigabitEthernet0/0/6','4F机房',''),(641,'D4-121','FYKJ-XM-A4F-O-SW-008','10.22.254.48','GigabitEthernet0/0/7','4F机房',''),(642,'D4-122','FYKJ-XM-A4F-O-SW-008','10.22.254.48','GigabitEthernet0/0/8','4F机房',''),(643,'D4-123','FYKJ-XM-A4F-O-SW-008','10.22.254.48','GigabitEthernet0/0/9','4F机房',''),(644,'D4-124','FYKJ-XM-A4F-O-SW-008','10.22.254.48','GigabitEthernet0/0/10','4F机房',''),(645,'D4-125','FYKJ-XM-A4F-O-SW-008','10.22.254.48','GigabitEthernet0/0/11','4F机房',''),(646,'D4-126','FYKJ-XM-A4F-O-SW-008','10.22.254.48','GigabitEthernet0/0/12','4F机房',''),(647,'D4-127','FYKJ-XM-A4F-O-SW-008','10.22.254.48','GigabitEthernet0/0/13','4F机房',''),(648,'D4-128','FYKJ-XM-A4F-O-SW-008','10.22.254.48','GigabitEthernet0/0/14','4F机房',''),(649,'D4-129','FYKJ-XM-A4F-O-SW-008','10.22.254.48','GigabitEthernet0/0/15','4F机房',''),(650,'D4-130','FYKJ-XM-A4F-O-SW-008','10.22.254.48','GigabitEthernet0/0/16','4F机房',''),(651,'D4-131','FYKJ-XM-A4F-O-SW-008','10.22.254.48','GigabitEthernet0/0/17','4F机房',''),(652,'D4-132','FYKJ-XM-A4F-O-SW-008','10.22.254.48','GigabitEthernet0/0/18','4F机房',''),(653,'D4-133','FYKJ-XM-A4F-O-SW-008','10.22.254.48','GigabitEthernet0/0/19','4F机房',''),(654,'D4-134','FYKJ-XM-A4F-O-SW-008','10.22.254.48','GigabitEthernet0/0/20','4F机房',''),(655,'D4-135','FYKJ-XM-A4F-O-SW-008','10.22.254.48','GigabitEthernet0/0/21','4F机房',''),(656,'D4-136','FYKJ-XM-A4F-O-SW-008','10.22.254.48','GigabitEthernet0/0/22','4F机房',''),(657,'D4-137','FYKJ-XM-A4F-O-SW-008','10.22.254.48','GigabitEthernet0/0/23','4F机房',''),(658,'D4-138','FYKJ-XM-A4F-O-SW-008','10.22.254.48','GigabitEthernet0/0/24','4F机房',''),(659,'D4-139','FYKJ-XM-A4F-O-SW-008','10.22.254.48','GigabitEthernet0/0/25','4F机房',''),(660,'D4-140','FYKJ-XM-A4F-O-SW-008','10.22.254.48','GigabitEthernet0/0/26','4F机房',''),(661,'D4-141','FYKJ-XM-A4F-O-SW-008','10.22.254.48','GigabitEthernet0/0/27','4F机房',''),(662,'D4-142','FYKJ-XM-A4F-O-SW-008','10.22.254.48','GigabitEthernet0/0/28','4F机房',''),(663,'D4-143','FYKJ-XM-A4F-O-SW-008','10.22.254.48','GigabitEthernet0/0/29','4F机房',''),(664,'D4-144','FYKJ-XM-A4F-O-SW-008','10.22.254.48','GigabitEthernet0/0/30','4F机房',''),(665,'D4-145','FYKJ-XM-A4F-O-SW-008','10.22.254.48','GigabitEthernet0/0/31','4F机房',''),(666,'D4-146','FYKJ-XM-A4F-O-SW-008','10.22.254.48','GigabitEthernet0/0/32','4F机房',''),(667,'D4-147','FYKJ-XM-A4F-O-SW-008','10.22.254.48','GigabitEthernet0/0/33','4F机房',''),(668,'D4-148','FYKJ-XM-A4F-O-SW-008','10.22.254.48','GigabitEthernet0/0/34','4F机房',''),(669,'D4-149','FYKJ-XM-A4F-O-SW-008','10.22.254.48','GigabitEthernet0/0/35','4F机房',''),(670,'D4-150','FYKJ-XM-A4F-O-SW-008','10.22.254.48','GigabitEthernet0/0/36','4F机房',''),(671,'D4-151','FYKJ-XM-A4F-O-SW-008','10.22.254.48','GigabitEthernet0/0/37','4F机房',''),(672,'D4-152','FYKJ-XM-A4F-O-SW-008','10.22.254.48','GigabitEthernet0/0/38','4F机房',''),(673,'D4-153','FYKJ-XM-A4F-O-SW-008','10.22.254.48','GigabitEthernet0/0/39','4F机房',''),(674,'D4-154','FYKJ-XM-A4F-O-SW-008','10.22.254.48','GigabitEthernet0/0/40','4F机房',''),(675,'发行群辉NAS_192.168.10.100','FYKJ-XM-A4F-O-SW-008','10.22.254.48','GigabitEthernet0/0/42','4F机房',''),(676,'C4-115','FYKJ-XM-A4F-O-SW-009','10.22.254.49','GigabitEthernet0/0/1','4F机房',''),(677,'C4-116','FYKJ-XM-A4F-O-SW-009','10.22.254.49','GigabitEthernet0/0/2','4F机房',''),(678,'C4-117','FYKJ-XM-A4F-O-SW-009','10.22.254.49','GigabitEthernet0/0/3','4F机房',''),(679,'C4-118','FYKJ-XM-A4F-O-SW-009','10.22.254.49','GigabitEthernet0/0/4','4F机房',''),(680,'C4-119','FYKJ-XM-A4F-O-SW-009','10.22.254.49','GigabitEthernet0/0/5','4F机房',''),(681,'C4-120','FYKJ-XM-A4F-O-SW-009','10.22.254.49','GigabitEthernet0/0/6','4F机房',''),(682,'C4-121','FYKJ-XM-A4F-O-SW-009','10.22.254.49','GigabitEthernet0/0/7','4F机房',''),(683,'C4-122','FYKJ-XM-A4F-O-SW-009','10.22.254.49','GigabitEthernet0/0/8','4F机房',''),(684,'C4-123','FYKJ-XM-A4F-O-SW-009','10.22.254.49','GigabitEthernet0/0/9','4F机房',''),(685,'C4-124','FYKJ-XM-A4F-O-SW-009','10.22.254.49','GigabitEthernet0/0/10','4F机房',''),(686,'C4-125','FYKJ-XM-A4F-O-SW-009','10.22.254.49','GigabitEthernet0/0/11','4F机房',''),(687,'C4-126','FYKJ-XM-A4F-O-SW-009','10.22.254.49','GigabitEthernet0/0/12','4F机房',''),(688,'C4-127','FYKJ-XM-A4F-O-SW-009','10.22.254.49','GigabitEthernet0/0/13','4F机房',''),(689,'C4-128','FYKJ-XM-A4F-O-SW-009','10.22.254.49','GigabitEthernet0/0/14','4F机房',''),(690,'C4-129','FYKJ-XM-A4F-O-SW-009','10.22.254.49','GigabitEthernet0/0/15','4F机房',''),(691,'C4-130','FYKJ-XM-A4F-O-SW-009','10.22.254.49','GigabitEthernet0/0/16','4F机房',''),(692,'C4-131','FYKJ-XM-A4F-O-SW-009','10.22.254.49','GigabitEthernet0/0/17','4F机房',''),(693,'C4-132','FYKJ-XM-A4F-O-SW-009','10.22.254.49','GigabitEthernet0/0/18','4F机房',''),(694,'C4-133','FYKJ-XM-A4F-O-SW-009','10.22.254.49','GigabitEthernet0/0/19','4F机房',''),(695,'C4-134','FYKJ-XM-A4F-O-SW-009','10.22.254.49','GigabitEthernet0/0/20','4F机房',''),(696,'C4-135','FYKJ-XM-A4F-O-SW-009','10.22.254.49','GigabitEthernet0/0/21','4F机房',''),(697,'C4-136','FYKJ-XM-A4F-O-SW-009','10.22.254.49','GigabitEthernet0/0/22','4F机房',''),(698,'C4-137','FYKJ-XM-A4F-O-SW-009','10.22.254.49','GigabitEthernet0/0/23','4F机房',''),(699,'C4-138','FYKJ-XM-A4F-O-SW-009','10.22.254.49','GigabitEthernet0/0/24','4F机房',''),(700,'C4-139','FYKJ-XM-A4F-O-SW-009','10.22.254.49','GigabitEthernet0/0/25','4F机房',''),(701,'C4-140','FYKJ-XM-A4F-O-SW-009','10.22.254.49','GigabitEthernet0/0/26','4F机房',''),(702,'C4-141','FYKJ-XM-A4F-O-SW-009','10.22.254.49','GigabitEthernet0/0/27','4F机房',''),(703,'C4-142','FYKJ-XM-A4F-O-SW-009','10.22.254.49','GigabitEthernet0/0/28','4F机房',''),(704,'C4-143','FYKJ-XM-A4F-O-SW-009','10.22.254.49','GigabitEthernet0/0/29','4F机房',''),(705,'C4-144','FYKJ-XM-A4F-O-SW-009','10.22.254.49','GigabitEthernet0/0/30','4F机房',''),(706,'C4-145','FYKJ-XM-A4F-O-SW-009','10.22.254.49','GigabitEthernet0/0/31','4F机房','连接逍遥自在新增交换机_10.22.254.61'),(707,'C4-146','FYKJ-XM-A4F-O-SW-009','10.22.254.49','GigabitEthernet0/0/32','4F机房',''),(708,'C4-147','FYKJ-XM-A4F-O-SW-009','10.22.254.49','GigabitEthernet0/0/33','4F机房',''),(709,'C4-148','FYKJ-XM-A4F-O-SW-009','10.22.254.49','GigabitEthernet0/0/34','4F机房',''),(710,'C4-149','FYKJ-XM-A4F-O-SW-009','10.22.254.49','GigabitEthernet0/0/35','4F机房',''),(711,'C4-150','FYKJ-XM-A4F-O-SW-009','10.22.254.49','GigabitEthernet0/0/36','4F机房',''),(712,'C4-151','FYKJ-XM-A4F-O-SW-009','10.22.254.49','GigabitEthernet0/0/37','4F机房',''),(713,'C4-152','FYKJ-XM-A4F-O-SW-009','10.22.254.49','GigabitEthernet0/0/38','4F机房',''),(714,'C4-153','FYKJ-XM-A4F-O-SW-009','10.22.254.49','GigabitEthernet0/0/39','4F机房',''),(715,'C4-154','FYKJ-XM-A4F-O-SW-009','10.22.254.49','GigabitEthernet0/0/40','4F机房',''),(716,'502会议室屏5.35','FYKJ-XM-A5F-O-SW-001','10.22.254.51','GigabitEthernet0/0/1','5F弱电间',''),(717,'501会议室屏5.32','FYKJ-XM-A5F-O-SW-001','10.22.254.51','GigabitEthernet0/0/2','5F弱电间',''),(718,'504会议室屏5.33','FYKJ-XM-A5F-O-SW-001','10.22.254.51','GigabitEthernet0/0/3','5F弱电间',''),(719,'I5-02','FYKJ-XM-A5F-O-SW-001','10.22.254.51','GigabitEthernet0/0/5','5F弱电间',''),(720,'J5-02','FYKJ-XM-A5F-O-SW-001','10.22.254.51','GigabitEthernet0/0/6','5F弱电间',''),(721,'I5-03','FYKJ-XM-A5F-O-SW-001','10.22.254.51','GigabitEthernet0/0/7','5F弱电间',''),(722,'J5-03','FYKJ-XM-A5F-O-SW-001','10.22.254.51','GigabitEthernet0/0/8','5F弱电间',''),(723,'A5F茶水间 信息屏5.55','FYKJ-XM-A5F-O-SW-001','10.22.254.51','GigabitEthernet0/0/10','5F弱电间',''),(724,'E5-02','FYKJ-XM-A5F-O-SW-002','10.22.254.52','GigabitEthernet0/0/1','5F弱电间',''),(725,'E5-07','FYKJ-XM-A5F-O-SW-002','10.22.254.52','GigabitEthernet0/0/2','5F弱电间',''),(726,'E5-03','FYKJ-XM-A5F-O-SW-002','10.22.254.52','GigabitEthernet0/0/3','5F弱电间',''),(727,'E5-09','FYKJ-XM-A5F-O-SW-002','10.22.254.52','GigabitEthernet0/0/4','5F弱电间',''),(728,'E5-01','FYKJ-XM-A5F-O-SW-002','10.22.254.52','GigabitEthernet0/0/5','5F弱电间',''),(729,'E5-05','FYKJ-XM-A5F-O-SW-002','10.22.254.52','GigabitEthernet0/0/6','5F弱电间',''),(730,'F5-02','FYKJ-XM-A5F-O-SW-002','10.22.254.52','GigabitEthernet0/0/9','5F弱电间',''),(731,'F5-10','FYKJ-XM-A5F-O-SW-002','10.22.254.52','GigabitEthernet0/0/10','5F弱电间',''),(732,'F5-03','FYKJ-XM-A5F-O-SW-002','10.22.254.52','GigabitEthernet0/0/11','5F弱电间',''),(733,'F5-09','FYKJ-XM-A5F-O-SW-002','10.22.254.52','GigabitEthernet0/0/12','5F弱电间',''),(734,'F5-01','FYKJ-XM-A5F-O-SW-002','10.22.254.52','GigabitEthernet0/0/13','5F弱电间',''),(735,'F5-05','FYKJ-XM-A5F-O-SW-002','10.22.254.52','GigabitEthernet0/0/14','5F弱电间',''),(736,'H5-04','FYKJ-XM-A5F-O-SW-002','10.22.254.52','GigabitEthernet0/0/15','5F弱电间',''),(737,'H5-05','FYKJ-XM-A5F-O-SW-002','10.22.254.52','GigabitEthernet0/0/17','5F弱电间',''),(738,'H5-03','FYKJ-XM-A5F-O-SW-002','10.22.254.52','GigabitEthernet0/0/18','5F弱电间',''),(739,'H5-10','FYKJ-XM-A5F-O-SW-002','10.22.254.52','GigabitEthernet0/0/19','5F弱电间',''),(740,'H5-11','FYKJ-XM-A5F-O-SW-002','10.22.254.52','GigabitEthernet0/0/20','5F弱电间',''),(741,'H5-08','FYKJ-XM-A5F-O-SW-002','10.22.254.52','GigabitEthernet0/0/21','5F弱电间',''),(742,'H5-12','FYKJ-XM-A5F-O-SW-002','10.22.254.52','GigabitEthernet0/0/22','5F弱电间',''),(743,'H5-09','FYKJ-XM-A5F-O-SW-002','10.22.254.52','GigabitEthernet0/0/24','5F弱电间',''),(744,'G5-01','FYKJ-XM-A5F-O-SW-002','10.22.254.52','GigabitEthernet0/0/27','5F弱电间',''),(745,'G5-12','FYKJ-XM-A5F-O-SW-002','10.22.254.52','GigabitEthernet0/0/28','5F弱电间',''),(746,'G5-10','FYKJ-XM-A5F-O-SW-002','10.22.254.52','GigabitEthernet0/0/29','5F弱电间',''),(747,'G5-03','FYKJ-XM-A5F-O-SW-002','10.22.254.52','GigabitEthernet0/0/30','5F弱电间',''),(748,'G5-5','FYKJ-XM-A5F-O-SW-002','10.22.254.52','GigabitEthernet0/0/31','5F弱电间',''),(749,'G5-09','FYKJ-XM-A5F-O-SW-002','10.22.254.52','GigabitEthernet0/0/32','5F弱电间',''),(750,'G5-11','FYKJ-XM-A5F-O-SW-002','10.22.254.52','GigabitEthernet0/0/34','5F弱电间',''),(751,'I5-01','FYKJ-XM-A5F-O-SW-002','10.22.254.52','GigabitEthernet0/0/37','5F弱电间',''),(752,'K5-14','FYKJ-XM-A5F-O-SW-002','10.22.254.52','GigabitEthernet0/0/38','5F弱电间',''),(753,'J5-12','FYKJ-XM-A5F-O-SW-002','10.22.254.52','GigabitEthernet0/0/39','5F弱电间',''),(754,'K5-13','FYKJ-XM-A5F-O-SW-002','10.22.254.52','GigabitEthernet0/0/40','5F弱电间',''),(755,'K5-15','FYKJ-XM-A5F-O-SW-002','10.22.254.52','GigabitEthernet0/0/41','5F弱电间',''),(756,'J5-09','FYKJ-XM-A5F-O-SW-002','10.22.254.52','GigabitEthernet0/0/42','5F弱电间',''),(757,'K5-16','FYKJ-XM-A5F-O-SW-002','10.22.254.52','GigabitEthernet0/0/43','5F弱电间',''),(758,'J5-06','FYKJ-XM-A5F-O-SW-002','10.22.254.52','GigabitEthernet0/0/44','5F弱电间',''),(759,'J5-08','FYKJ-XM-A5F-O-SW-002','10.22.254.52','GigabitEthernet0/0/45','5F弱电间',''),(760,'J5-01','FYKJ-XM-A5F-O-SW-002','10.22.254.52','GigabitEthernet0/0/47','5F弱电间',''),(761,'D5-47','FYKJ-XM-A5F-O-SW-003','10.22.254.53','GigabitEthernet0/0/1','5F弱电间',''),(762,'D5-48','FYKJ-XM-A5F-O-SW-003','10.22.254.53','GigabitEthernet0/0/2','5F弱电间',''),(763,'D5-49','FYKJ-XM-A5F-O-SW-003','10.22.254.53','GigabitEthernet0/0/3','5F弱电间',''),(764,'D5-50','FYKJ-XM-A5F-O-SW-003','10.22.254.53','GigabitEthernet0/0/4','5F弱电间',''),(765,'D5-51','FYKJ-XM-A5F-O-SW-003','10.22.254.53','GigabitEthernet0/0/5','5F弱电间',''),(766,'D5-52','FYKJ-XM-A5F-O-SW-003','10.22.254.53','GigabitEthernet0/0/6','5F弱电间',''),(767,'D5-53','FYKJ-XM-A5F-O-SW-003','10.22.254.53','GigabitEthernet0/0/7','5F弱电间',''),(768,'D5-54','FYKJ-XM-A5F-O-SW-003','10.22.254.53','GigabitEthernet0/0/8','5F弱电间',''),(769,'D5-55','FYKJ-XM-A5F-O-SW-003','10.22.254.53','GigabitEthernet0/0/9','5F弱电间',''),(770,'D5-56','FYKJ-XM-A5F-O-SW-003','10.22.254.53','GigabitEthernet0/0/10','5F弱电间',''),(771,'D5-57','FYKJ-XM-A5F-O-SW-003','10.22.254.53','GigabitEthernet0/0/11','5F弱电间',''),(772,'D5-58','FYKJ-XM-A5F-O-SW-003','10.22.254.53','GigabitEthernet0/0/12','5F弱电间',''),(773,'D5-59','FYKJ-XM-A5F-O-SW-003','10.22.254.53','GigabitEthernet0/0/13','5F弱电间',''),(774,'D5-60','FYKJ-XM-A5F-O-SW-003','10.22.254.53','GigabitEthernet0/0/14','5F弱电间',''),(775,'D5-61','FYKJ-XM-A5F-O-SW-003','10.22.254.53','GigabitEthernet0/0/15','5F弱电间',''),(776,'D5-62','FYKJ-XM-A5F-O-SW-003','10.22.254.53','GigabitEthernet0/0/16','5F弱电间',''),(777,'D5-63','FYKJ-XM-A5F-O-SW-003','10.22.254.53','GigabitEthernet0/0/17','5F弱电间',''),(778,'D5-64','FYKJ-XM-A5F-O-SW-003','10.22.254.53','GigabitEthernet0/0/18','5F弱电间',''),(779,'D5-65','FYKJ-XM-A5F-O-SW-003','10.22.254.53','GigabitEthernet0/0/19','5F弱电间',''),(780,'D5-66','FYKJ-XM-A5F-O-SW-003','10.22.254.53','GigabitEthernet0/0/20','5F弱电间',''),(781,'D5-67','FYKJ-XM-A5F-O-SW-003','10.22.254.53','GigabitEthernet0/0/21','5F弱电间',''),(782,'D5-68','FYKJ-XM-A5F-O-SW-003','10.22.254.53','GigabitEthernet0/0/22','5F弱电间',''),(783,'D5-69','FYKJ-XM-A5F-O-SW-003','10.22.254.53','GigabitEthernet0/0/23','5F弱电间',''),(784,'D5-70','FYKJ-XM-A5F-O-SW-003','10.22.254.53','GigabitEthernet0/0/24','5F弱电间',''),(785,'D5-71','FYKJ-XM-A5F-O-SW-003','10.22.254.53','GigabitEthernet0/0/25','5F弱电间',''),(786,'D5-72','FYKJ-XM-A5F-O-SW-003','10.22.254.53','GigabitEthernet0/0/26','5F弱电间',''),(787,'D5-73','FYKJ-XM-A5F-O-SW-003','10.22.254.53','GigabitEthernet0/0/27','5F弱电间',''),(788,'D5-74','FYKJ-XM-A5F-O-SW-003','10.22.254.53','GigabitEthernet0/0/28','5F弱电间',''),(789,'D5-75','FYKJ-XM-A5F-O-SW-003','10.22.254.53','GigabitEthernet0/0/29','5F弱电间',''),(790,'D5-76','FYKJ-XM-A5F-O-SW-003','10.22.254.53','GigabitEthernet0/0/30','5F弱电间',''),(791,'D5-77','FYKJ-XM-A5F-O-SW-003','10.22.254.53','GigabitEthernet0/0/31','5F弱电间',''),(792,'D5-78','FYKJ-XM-A5F-O-SW-003','10.22.254.53','GigabitEthernet0/0/32','5F弱电间',''),(793,'D5-79','FYKJ-XM-A5F-O-SW-003','10.22.254.53','GigabitEthernet0/0/33','5F弱电间',''),(794,'C5-47','FYKJ-XM-A5F-O-SW-004','10.22.254.54','GigabitEthernet0/0/1','5F弱电间',''),(795,'C5-48','FYKJ-XM-A5F-O-SW-004','10.22.254.54','GigabitEthernet0/0/2','5F弱电间',''),(796,'C5-49','FYKJ-XM-A5F-O-SW-004','10.22.254.54','GigabitEthernet0/0/3','5F弱电间',''),(797,'C5-50','FYKJ-XM-A5F-O-SW-004','10.22.254.54','GigabitEthernet0/0/4','5F弱电间',''),(798,'C5-51','FYKJ-XM-A5F-O-SW-004','10.22.254.54','GigabitEthernet0/0/5','5F弱电间',''),(799,'C5-52','FYKJ-XM-A5F-O-SW-004','10.22.254.54','GigabitEthernet0/0/6','5F弱电间',''),(800,'C5-53','FYKJ-XM-A5F-O-SW-004','10.22.254.54','GigabitEthernet0/0/7','5F弱电间',''),(801,'C5-54','FYKJ-XM-A5F-O-SW-004','10.22.254.54','GigabitEthernet0/0/8','5F弱电间',''),(802,'C5-55','FYKJ-XM-A5F-O-SW-004','10.22.254.54','GigabitEthernet0/0/9','5F弱电间',''),(803,'C5-56','FYKJ-XM-A5F-O-SW-004','10.22.254.54','GigabitEthernet0/0/10','5F弱电间',''),(804,'C5-57','FYKJ-XM-A5F-O-SW-004','10.22.254.54','GigabitEthernet0/0/11','5F弱电间',''),(805,'C5-58','FYKJ-XM-A5F-O-SW-004','10.22.254.54','GigabitEthernet0/0/12','5F弱电间',''),(806,'C5-59','FYKJ-XM-A5F-O-SW-004','10.22.254.54','GigabitEthernet0/0/13','5F弱电间',''),(807,'C5-60','FYKJ-XM-A5F-O-SW-004','10.22.254.54','GigabitEthernet0/0/14','5F弱电间',''),(808,'C5-61','FYKJ-XM-A5F-O-SW-004','10.22.254.54','GigabitEthernet0/0/15','5F弱电间',''),(809,'C5-62','FYKJ-XM-A5F-O-SW-004','10.22.254.54','GigabitEthernet0/0/16','5F弱电间',''),(810,'C5-63','FYKJ-XM-A5F-O-SW-004','10.22.254.54','GigabitEthernet0/0/17','5F弱电间',''),(811,'C5-64','FYKJ-XM-A5F-O-SW-004','10.22.254.54','GigabitEthernet0/0/18','5F弱电间',''),(812,'C5-65','FYKJ-XM-A5F-O-SW-004','10.22.254.54','GigabitEthernet0/0/19','5F弱电间',''),(813,'C5-66','FYKJ-XM-A5F-O-SW-004','10.22.254.54','GigabitEthernet0/0/20','5F弱电间',''),(814,'C5-67','FYKJ-XM-A5F-O-SW-004','10.22.254.54','GigabitEthernet0/0/21','5F弱电间',''),(815,'C5-68','FYKJ-XM-A5F-O-SW-004','10.22.254.54','GigabitEthernet0/0/22','5F弱电间',''),(816,'C5-69','FYKJ-XM-A5F-O-SW-004','10.22.254.54','GigabitEthernet0/0/23','5F弱电间',''),(817,'C5-70','FYKJ-XM-A5F-O-SW-004','10.22.254.54','GigabitEthernet0/0/24','5F弱电间',''),(818,'C5-71','FYKJ-XM-A5F-O-SW-004','10.22.254.54','GigabitEthernet0/0/25','5F弱电间',''),(819,'C5-72','FYKJ-XM-A5F-O-SW-004','10.22.254.54','GigabitEthernet0/0/26','5F弱电间',''),(820,'C5-73','FYKJ-XM-A5F-O-SW-004','10.22.254.54','GigabitEthernet0/0/27','5F弱电间',''),(821,'C5-74','FYKJ-XM-A5F-O-SW-004','10.22.254.54','GigabitEthernet0/0/28','5F弱电间',''),(822,'C5-75','FYKJ-XM-A5F-O-SW-004','10.22.254.54','GigabitEthernet0/0/29','5F弱电间',''),(823,'C5-76','FYKJ-XM-A5F-O-SW-004','10.22.254.54','GigabitEthernet0/0/30','5F弱电间',''),(824,'C5-77','FYKJ-XM-A5F-O-SW-004','10.22.254.54','GigabitEthernet0/0/31','5F弱电间',''),(825,'C5-78','FYKJ-XM-A5F-O-SW-004','10.22.254.54','GigabitEthernet0/0/32','5F弱电间',''),(826,'C5-79','FYKJ-XM-A5F-O-SW-004','10.22.254.54','GigabitEthernet0/0/33','5F弱电间',''),(827,'D5-01','FYKJ-XM-A5F-O-SW-005','10.22.254.55','GigabitEthernet0/0/1','5F弱电间',''),(828,'D5-02','FYKJ-XM-A5F-O-SW-005','10.22.254.55','GigabitEthernet0/0/2','5F弱电间',''),(829,'D5-03','FYKJ-XM-A5F-O-SW-005','10.22.254.55','GigabitEthernet0/0/3','5F弱电间',''),(830,'D5-04','FYKJ-XM-A5F-O-SW-005','10.22.254.55','GigabitEthernet0/0/4','5F弱电间',''),(831,'D5-05','FYKJ-XM-A5F-O-SW-005','10.22.254.55','GigabitEthernet0/0/5','5F弱电间',''),(832,'D5-06','FYKJ-XM-A5F-O-SW-005','10.22.254.55','GigabitEthernet0/0/6','5F弱电间',''),(833,'D5-07','FYKJ-XM-A5F-O-SW-005','10.22.254.55','GigabitEthernet0/0/7','5F弱电间',''),(834,'D5-08','FYKJ-XM-A5F-O-SW-005','10.22.254.55','GigabitEthernet0/0/8','5F弱电间',''),(835,'D5-09','FYKJ-XM-A5F-O-SW-005','10.22.254.55','GigabitEthernet0/0/9','5F弱电间',''),(836,'D5-10','FYKJ-XM-A5F-O-SW-005','10.22.254.55','GigabitEthernet0/0/10','5F弱电间',''),(837,'D5-11','FYKJ-XM-A5F-O-SW-005','10.22.254.55','GigabitEthernet0/0/11','5F弱电间',''),(838,'D5-12','FYKJ-XM-A5F-O-SW-005','10.22.254.55','GigabitEthernet0/0/12','5F弱电间',''),(839,'D5-13','FYKJ-XM-A5F-O-SW-005','10.22.254.55','GigabitEthernet0/0/13','5F弱电间',''),(840,'D5-14','FYKJ-XM-A5F-O-SW-005','10.22.254.55','GigabitEthernet0/0/14','5F弱电间',''),(841,'D5-15','FYKJ-XM-A5F-O-SW-005','10.22.254.55','GigabitEthernet0/0/15','5F弱电间',''),(842,'D5-16','FYKJ-XM-A5F-O-SW-005','10.22.254.55','GigabitEthernet0/0/16','5F弱电间',''),(843,'D5-17','FYKJ-XM-A5F-O-SW-005','10.22.254.55','GigabitEthernet0/0/17','5F弱电间',''),(844,'D5-18','FYKJ-XM-A5F-O-SW-005','10.22.254.55','GigabitEthernet0/0/18','5F弱电间',''),(845,'D5-19','FYKJ-XM-A5F-O-SW-005','10.22.254.55','GigabitEthernet0/0/19','5F弱电间',''),(846,'D5-20','FYKJ-XM-A5F-O-SW-005','10.22.254.55','GigabitEthernet0/0/20','5F弱电间',''),(847,'D5-21','FYKJ-XM-A5F-O-SW-005','10.22.254.55','GigabitEthernet0/0/21','5F弱电间',''),(848,'D5-22','FYKJ-XM-A5F-O-SW-005','10.22.254.55','GigabitEthernet0/0/22','5F弱电间',''),(849,'D5-23','FYKJ-XM-A5F-O-SW-005','10.22.254.55','GigabitEthernet0/0/23','5F弱电间',''),(850,'D5-24','FYKJ-XM-A5F-O-SW-005','10.22.254.55','GigabitEthernet0/0/24','5F弱电间',''),(851,'D5-25','FYKJ-XM-A5F-O-SW-005','10.22.254.55','GigabitEthernet0/0/25','5F弱电间',''),(852,'D5-26','FYKJ-XM-A5F-O-SW-005','10.22.254.55','GigabitEthernet0/0/26','5F弱电间',''),(853,'D5-27','FYKJ-XM-A5F-O-SW-005','10.22.254.55','GigabitEthernet0/0/27','5F弱电间',''),(854,'D5-28','FYKJ-XM-A5F-O-SW-005','10.22.254.55','GigabitEthernet0/0/28','5F弱电间',''),(855,'D5-29','FYKJ-XM-A5F-O-SW-005','10.22.254.55','GigabitEthernet0/0/29','5F弱电间',''),(856,'D5-30','FYKJ-XM-A5F-O-SW-005','10.22.254.55','GigabitEthernet0/0/30','5F弱电间',''),(857,'D5-31','FYKJ-XM-A5F-O-SW-005','10.22.254.55','GigabitEthernet0/0/31','5F弱电间',''),(858,'D5-32','FYKJ-XM-A5F-O-SW-005','10.22.254.55','GigabitEthernet0/0/32','5F弱电间',''),(859,'D5-33','FYKJ-XM-A5F-O-SW-005','10.22.254.55','GigabitEthernet0/0/33','5F弱电间',''),(860,'D5-34','FYKJ-XM-A5F-O-SW-005','10.22.254.55','GigabitEthernet0/0/34','5F弱电间',''),(861,'D5-35','FYKJ-XM-A5F-O-SW-005','10.22.254.55','GigabitEthernet0/0/35','5F弱电间',''),(862,'D5-36','FYKJ-XM-A5F-O-SW-005','10.22.254.55','GigabitEthernet0/0/36','5F弱电间',''),(863,'D5-37','FYKJ-XM-A5F-O-SW-005','10.22.254.55','GigabitEthernet0/0/37','5F弱电间',''),(864,'D5-38','FYKJ-XM-A5F-O-SW-005','10.22.254.55','GigabitEthernet0/0/38','5F弱电间',''),(865,'D5-39','FYKJ-XM-A5F-O-SW-005','10.22.254.55','GigabitEthernet0/0/39','5F弱电间',''),(866,'D5-40','FYKJ-XM-A5F-O-SW-005','10.22.254.55','GigabitEthernet0/0/40','5F弱电间',''),(867,'D5-41','FYKJ-XM-A5F-O-SW-005','10.22.254.55','GigabitEthernet0/0/41','5F弱电间',''),(868,'D5-42','FYKJ-XM-A5F-O-SW-005','10.22.254.55','GigabitEthernet0/0/42','5F弱电间',''),(869,'D5-43','FYKJ-XM-A5F-O-SW-005','10.22.254.55','GigabitEthernet0/0/43','5F弱电间',''),(870,'D5-44','FYKJ-XM-A5F-O-SW-005','10.22.254.55','GigabitEthernet0/0/44','5F弱电间',''),(871,'D5-45','FYKJ-XM-A5F-O-SW-005','10.22.254.55','GigabitEthernet0/0/45','5F弱电间',''),(872,'D5-46','FYKJ-XM-A5F-O-SW-005','10.22.254.55','GigabitEthernet0/0/46','5F弱电间',''),(873,'C5-01','FYKJ-XM-A5F-O-SW-006','10.22.254.56','GigabitEthernet0/0/1','5F弱电间',''),(874,'C5-02','FYKJ-XM-A5F-O-SW-006','10.22.254.56','GigabitEthernet0/0/2','5F弱电间',''),(875,'C5-03','FYKJ-XM-A5F-O-SW-006','10.22.254.56','GigabitEthernet0/0/3','5F弱电间',''),(876,'C5-04','FYKJ-XM-A5F-O-SW-006','10.22.254.56','GigabitEthernet0/0/4','5F弱电间',''),(877,'C5-05','FYKJ-XM-A5F-O-SW-006','10.22.254.56','GigabitEthernet0/0/5','5F弱电间',''),(878,'C5-06','FYKJ-XM-A5F-O-SW-006','10.22.254.56','GigabitEthernet0/0/6','5F弱电间',''),(879,'C5-07','FYKJ-XM-A5F-O-SW-006','10.22.254.56','GigabitEthernet0/0/7','5F弱电间',''),(880,'C5-08','FYKJ-XM-A5F-O-SW-006','10.22.254.56','GigabitEthernet0/0/8','5F弱电间',''),(881,'C5-09','FYKJ-XM-A5F-O-SW-006','10.22.254.56','GigabitEthernet0/0/9','5F弱电间',''),(882,'C5-10','FYKJ-XM-A5F-O-SW-006','10.22.254.56','GigabitEthernet0/0/10','5F弱电间',''),(883,'C5-11','FYKJ-XM-A5F-O-SW-006','10.22.254.56','GigabitEthernet0/0/11','5F弱电间',''),(884,'C5-12','FYKJ-XM-A5F-O-SW-006','10.22.254.56','GigabitEthernet0/0/12','5F弱电间',''),(885,'C5-13','FYKJ-XM-A5F-O-SW-006','10.22.254.56','GigabitEthernet0/0/13','5F弱电间',''),(886,'C5-14','FYKJ-XM-A5F-O-SW-006','10.22.254.56','GigabitEthernet0/0/14','5F弱电间',''),(887,'C5-15','FYKJ-XM-A5F-O-SW-006','10.22.254.56','GigabitEthernet0/0/15','5F弱电间',''),(888,'C5-16','FYKJ-XM-A5F-O-SW-006','10.22.254.56','GigabitEthernet0/0/16','5F弱电间',''),(889,'C5-17','FYKJ-XM-A5F-O-SW-006','10.22.254.56','GigabitEthernet0/0/17','5F弱电间',''),(890,'C5-18','FYKJ-XM-A5F-O-SW-006','10.22.254.56','GigabitEthernet0/0/18','5F弱电间',''),(891,'C5-19','FYKJ-XM-A5F-O-SW-006','10.22.254.56','GigabitEthernet0/0/19','5F弱电间',''),(892,'C5-20','FYKJ-XM-A5F-O-SW-006','10.22.254.56','GigabitEthernet0/0/20','5F弱电间',''),(893,'C5-21','FYKJ-XM-A5F-O-SW-006','10.22.254.56','GigabitEthernet0/0/21','5F弱电间',''),(894,'C5-22','FYKJ-XM-A5F-O-SW-006','10.22.254.56','GigabitEthernet0/0/22','5F弱电间',''),(895,'C5-23','FYKJ-XM-A5F-O-SW-006','10.22.254.56','GigabitEthernet0/0/23','5F弱电间',''),(896,'C5-24','FYKJ-XM-A5F-O-SW-006','10.22.254.56','GigabitEthernet0/0/24','5F弱电间',''),(897,'C5-25','FYKJ-XM-A5F-O-SW-006','10.22.254.56','GigabitEthernet0/0/25','5F弱电间',''),(898,'C5-26','FYKJ-XM-A5F-O-SW-006','10.22.254.56','GigabitEthernet0/0/26','5F弱电间',''),(899,'C5-27','FYKJ-XM-A5F-O-SW-006','10.22.254.56','GigabitEthernet0/0/27','5F弱电间',''),(900,'C5-28','FYKJ-XM-A5F-O-SW-006','10.22.254.56','GigabitEthernet0/0/28','5F弱电间',''),(901,'C5-29','FYKJ-XM-A5F-O-SW-006','10.22.254.56','GigabitEthernet0/0/29','5F弱电间',''),(902,'C5-30','FYKJ-XM-A5F-O-SW-006','10.22.254.56','GigabitEthernet0/0/30','5F弱电间',''),(903,'C5-31','FYKJ-XM-A5F-O-SW-006','10.22.254.56','GigabitEthernet0/0/31','5F弱电间',''),(904,'C5-32','FYKJ-XM-A5F-O-SW-006','10.22.254.56','GigabitEthernet0/0/32','5F弱电间',''),(905,'C5-33','FYKJ-XM-A5F-O-SW-006','10.22.254.56','GigabitEthernet0/0/33','5F弱电间',''),(906,'C5-34','FYKJ-XM-A5F-O-SW-006','10.22.254.56','GigabitEthernet0/0/34','5F弱电间',''),(907,'C5-35','FYKJ-XM-A5F-O-SW-006','10.22.254.56','GigabitEthernet0/0/35','5F弱电间',''),(908,'C5-36','FYKJ-XM-A5F-O-SW-006','10.22.254.56','GigabitEthernet0/0/36','5F弱电间',''),(909,'C5-37','FYKJ-XM-A5F-O-SW-006','10.22.254.56','GigabitEthernet0/0/37','5F弱电间',''),(910,'C5-38','FYKJ-XM-A5F-O-SW-006','10.22.254.56','GigabitEthernet0/0/38','5F弱电间',''),(911,'C5-39','FYKJ-XM-A5F-O-SW-006','10.22.254.56','GigabitEthernet0/0/39','5F弱电间',''),(912,'C5-40','FYKJ-XM-A5F-O-SW-006','10.22.254.56','GigabitEthernet0/0/40','5F弱电间',''),(913,'C5-41','FYKJ-XM-A5F-O-SW-006','10.22.254.56','GigabitEthernet0/0/41','5F弱电间',''),(914,'C5-42','FYKJ-XM-A5F-O-SW-006','10.22.254.56','GigabitEthernet0/0/42','5F弱电间',''),(915,'C5-43','FYKJ-XM-A5F-O-SW-006','10.22.254.56','GigabitEthernet0/0/43','5F弱电间',''),(916,'C5-44','FYKJ-XM-A5F-O-SW-006','10.22.254.56','GigabitEthernet0/0/44','5F弱电间',''),(917,'C5-45','FYKJ-XM-A5F-O-SW-006','10.22.254.56','GigabitEthernet0/0/45','5F弱电间',''),(918,'C5-46','FYKJ-XM-A5F-O-SW-006','10.22.254.56','GigabitEthernet0/0/46','5F弱电间','');
/*!40000 ALTER TABLE `info_officenetworkinfo` ENABLE KEYS */;
UNLOCK TABLES;

--
-- Table structure for table `info_phonelist`
--

DROP TABLE IF EXISTS `info_phonelist`;
/*!40101 SET @saved_cs_client     = @@character_set_client */;
/*!50503 SET character_set_client = utf8mb4 */;
CREATE TABLE `info_phonelist` (
  `id` bigint NOT NULL AUTO_INCREMENT,
  `tel_num` varchar(50) NOT NULL,
  `department` varchar(200) NOT NULL,
  `tel_user` varchar(100) NOT NULL,
  `office_port` varchar(100) NOT NULL,
  `tel_port` varchar(100) NOT NULL,
  `tel_state` varchar(20) NOT NULL,
  `floor` varchar(100) NOT NULL,
  `remarks` varchar(200) NOT NULL,
  PRIMARY KEY (`id`)
) ENGINE=InnoDB AUTO_INCREMENT=13 DEFAULT CHARSET=utf8;
/*!40101 SET character_set_client = @saved_cs_client */;

--
-- Dumping data for table `info_phonelist`
--

LOCK TABLES `info_phonelist` WRITE;
/*!40000 ALTER TABLE `info_phonelist` DISABLE KEYS */;
INSERT INTO `info_phonelist` VALUES (1,'0592-2190011','行政部','卢丹弘','C1-13','1','in_use','A1F','前台'),(2,'0592-2075579','行政部','申报公用','C3-04','1','in_use','A3F','林淑惠工位'),(3,'0592-5061758','行政部','内务公用','D3-12','1','in_use','A3F','张燕萍工位'),(4,'0592-2190022','财务部','财务公用','待确认','1','in_use','A5F',''),(5,'0592-2075585','财务部','财务公用','D5-74','1','in_use','A5F',''),(6,'0592-2075505','法务部','刘宝娥','待确认','1','in_use','A5F',''),(7,'0592-5060658','客服部','客服公用','1','1','in_use','A5F','从A5F弱电间跳转至A3F机房'),(8,'0592-5058737','客服部','客服公用','无','1','in_use','A5F','此电话为客服400，无需接入工位座机'),(9,'0592-2932653','高管','高管','G5-12','1','in_use','A5F','电话会议专用'),(10,'0592-5192095','人力资源部','公用','C3-112','1','in_use','A3F',''),(11,'0592-5061211','人力资源部','公用','D3-113','1','in_use','A3F',''),(12,'5061139','空闲','暂无','无','1','idle','A3F','');
/*!40000 ALTER TABLE `info_phonelist` ENABLE KEYS */;
UNLOCK TABLES;

--
-- Table structure for table `info_smartnetworkinfo`
--

DROP TABLE IF EXISTS `info_smartnetworkinfo`;
/*!40101 SET @saved_cs_client     = @@character_set_client */;
/*!50503 SET character_set_client = utf8mb4 */;
CREATE TABLE `info_smartnetworkinfo` (
  `id` bigint NOT NULL AUTO_INCREMENT,
  `smart_port` varchar(200) NOT NULL,
  `switch_name` varchar(120) NOT NULL,
  `switch_ip` char(39) NOT NULL,
  `switch_port` varchar(120) NOT NULL,
  `position` varchar(120) NOT NULL,
  `remarks` varchar(200) NOT NULL,
  PRIMARY KEY (`id`)
) ENGINE=InnoDB AUTO_INCREMENT=269 DEFAULT CHARSET=utf8;
/*!40101 SET character_set_client = @saved_cs_client */;

--
-- Dumping data for table `info_smartnetworkinfo`
--

LOCK TABLES `info_smartnetworkinfo` WRITE;
/*!40000 ALTER TABLE `info_smartnetworkinfo` DISABLE KEYS */;
INSERT INTO `info_smartnetworkinfo` VALUES (1,'A栋1楼中间楼梯口/11.120','FYKJ-XM-A1F-S-SW-001','172.22.254.11','GigabitEthernet0/0/1','A1F弱电间',''),(2,'A栋1楼大堂3/11.121','FYKJ-XM-A1F-S-SW-001','172.22.254.11','GigabitEthernet0/0/2','A1F弱电间',''),(3,'A栋1楼电梯厅1/11.122','FYKJ-XM-A1F-S-SW-001','172.22.254.11','GigabitEthernet0/0/3','A1F弱电间',''),(4,'A栋1楼电梯厅2/11.124','FYKJ-XM-A1F-S-SW-001','172.22.254.11','GigabitEthernet0/0/4','A1F弱电间',''),(5,'A栋1楼大堂4/11.125','FYKJ-XM-A1F-S-SW-001','172.22.254.11','GigabitEthernet0/0/5','A1F弱电间',''),(6,'A栋1楼大堂1/11.126','FYKJ-XM-A1F-S-SW-001','172.22.254.11','GigabitEthernet0/0/6','A1F弱电间',''),(7,'A栋1楼前台/11.127','FYKJ-XM-A1F-S-SW-001','172.22.254.11','GigabitEthernet0/0/7','A1F弱电间',''),(8,'A栋1楼大堂2/11.128','FYKJ-XM-A1F-S-SW-001','172.22.254.11','GigabitEthernet0/0/8','A1F弱电间',''),(9,'A栋1楼大堂5/11.129','FYKJ-XM-A1F-S-SW-001','172.22.254.11','GigabitEthernet0/0/9','A1F弱电间',''),(10,'A栋道闸入口通道/11.130','FYKJ-XM-A1F-S-SW-001','172.22.254.11','GigabitEthernet0/0/10','A1F弱电间',''),(11,'A栋1楼电梯厅消防楼梯口/11.131','FYKJ-XM-A1F-S-SW-001','172.22.254.11','GigabitEthernet0/0/11','A1F弱电间',''),(12,'A栋1楼弱电井/11.31','FYKJ-XM-A1F-S-SW-001','172.22.254.11','GigabitEthernet0/0/12','A1F弱电间',''),(13,'A栋1楼猫眼2/11.29','FYKJ-XM-A1F-S-SW-001','172.22.254.11','GigabitEthernet0/0/13','A1F弱电间',''),(14,'A栋1楼猫眼1/11.30','FYKJ-XM-A1F-S-SW-001','172.22.254.11','GigabitEthernet0/0/14','A1F弱电间',''),(15,'1F门禁控制器1/14.111','FYKJ-XM-A1F-S-SW-002','172.22.254.12','GigabitEthernet0/0/1','A1F弱电间',''),(16,'1F门禁控制器2/14.119','FYKJ-XM-A1F-S-SW-002','172.22.254.12','GigabitEthernet0/0/2','A1F弱电间',''),(17,'通道闸/14.114','FYKJ-XM-A1F-S-SW-002','172.22.254.12','GigabitEthernet0/0/3','A1F弱电间',''),(18,'通道闸/14.113','FYKJ-XM-A1F-S-SW-002','172.22.254.12','GigabitEthernet0/0/4','A1F弱电间',''),(19,'通道闸/14.116','FYKJ-XM-A1F-S-SW-002','172.22.254.12','GigabitEthernet0/0/5','A1F弱电间',''),(20,'通道闸/14.115','FYKJ-XM-A1F-S-SW-002','172.22.254.12','GigabitEthernet0/0/6','A1F弱电间',''),(21,'道闸板2/14.117','FYKJ-XM-A1F-S-SW-002','172.22.254.12','GigabitEthernet0/0/7','A1F弱电间',''),(22,'道闸板1/14.118','FYKJ-XM-A1F-S-SW-002','172.22.254.12','GigabitEthernet0/0/8','A1F弱电间',''),(23,'A栋大门人脸门禁/14.112','FYKJ-XM-A1F-S-SW-002','172.22.254.12','GigabitEthernet0/0/9','A1F弱电间',''),(24,'广播主机172.22.18.102','FYKJ-XM-A1F-S-SW-002','172.22.254.12','GigabitEthernet0/0/10','A1F弱电间',''),(25,'D1-14','FYKJ-XM-A1F-S-SW-002','172.22.254.12','GigabitEthernet0/0/11','A1F弱电间',''),(26,'C1-14','FYKJ-XM-A1F-S-SW-002','172.22.254.12','GigabitEthernet0/0/12','A1F弱电间','接前台监控笔记本电脑'),(27,'A-1F人脸2/ 14.205','FYKJ-XM-A7F-S-SW-001','172.22.254.71','GigabitEthernet0/0/1','A-1F弱电间',''),(28,'A-1F人脸1/ 14.204','FYKJ-XM-A7F-S-SW-001','172.22.254.71','GigabitEthernet0/0/2','A-1F弱电间',''),(29,'A-1F门禁1 /14.125','FYKJ-XM-A7F-S-SW-001','172.22.254.71','GigabitEthernet0/0/3','A-1F弱电间',''),(30,'A-1F门禁2 /14.124','FYKJ-XM-A7F-S-SW-001','172.22.254.71','GigabitEthernet0/0/4','A-1F弱电间',''),(31,'BA主机19.101','FYKJ-XM-A7F-S-SW-001','172.22.254.71','GigabitEthernet0/0/5','A-1F弱电间',''),(32,'配电房里面2 11.165','FYKJ-XM-A7F-S-SW-001','172.22.254.71','GigabitEthernet0/0/6','A-1F弱电间',''),(33,'南边车库入口 11.73','FYKJ-XM-A7F-S-SW-001','172.22.254.71','GigabitEthernet0/0/7','A-1F弱电间',''),(34,'配电房里面1 11.161','FYKJ-XM-A7F-S-SW-001','172.22.254.71','GigabitEthernet0/0/8','A-1F弱电间',''),(35,'A栋022号车位 车道11.163','FYKJ-XM-A7F-S-SW-001','172.22.254.71','GigabitEthernet0/0/9','A-1F弱电间',''),(36,'A栋002号VIP车位 车道11.7','FYKJ-XM-A7F-S-SW-001','172.22.254.71','GigabitEthernet0/0/10','A-1F弱电间',''),(37,'A栋负一层分配 电房11.70','FYKJ-XM-A7F-S-SW-001','172.22.254.71','GigabitEthernet0/0/11','A-1F弱电间',''),(38,'A栋027号车位 车道11.8','FYKJ-XM-A7F-S-SW-001','172.22.254.71','GigabitEthernet0/0/12','A-1F弱电间',''),(39,'A栋049号车位 车道11.4','FYKJ-XM-A7F-S-SW-001','172.22.254.71','GigabitEthernet0/0/13','A-1F弱电间',''),(40,'A栋负一下负二 车道11.10','FYKJ-XM-A7F-S-SW-001','172.22.254.71','GigabitEthernet0/0/14','A-1F弱电间',''),(41,'A栋56号车位 车道11.2','FYKJ-XM-A7F-S-SW-001','172.22.254.71','GigabitEthernet0/0/15','A-1F弱电间',''),(42,'A栋地下室南边 车库入口11.6','FYKJ-XM-A7F-S-SW-001','172.22.254.71','GigabitEthernet0/0/16','A-1F弱电间',''),(43,'A栋负一层 电梯厅1/11.27','FYKJ-XM-A7F-S-SW-001','172.22.254.71','GigabitEthernet0/0/17','A-1F弱电间',''),(44,'B栋067号车位 车道11.5','FYKJ-XM-A7F-S-SW-001','172.22.254.71','GigabitEthernet0/0/18','A-1F弱电间',''),(45,'A栋负一层 电梯厅2/11.28','FYKJ-XM-A7F-S-SW-001','172.22.254.71','GigabitEthernet0/0/19','A-1F弱电间',''),(46,'A栋VIP车位 车道11.9','FYKJ-XM-A7F-S-SW-001','172.22.254.71','GigabitEthernet0/0/20','A-1F弱电间',''),(47,'A栋负一层 弱电井11.50','FYKJ-XM-A7F-S-SW-001','172.22.254.71','GigabitEthernet0/0/21','A-1F弱电间',''),(48,'A栋022号车位 车道11.3','FYKJ-XM-A7F-S-SW-001','172.22.254.71','GigabitEthernet0/0/22','A-1F弱电间',''),(49,'配电房门口2 11.160','FYKJ-XM-A7F-S-SW-001','172.22.254.71','GigabitEthernet0/0/23','A-1F弱电间',''),(50,'配电房门口1 11.159','FYKJ-XM-A7F-S-SW-001','172.22.254.71','GigabitEthernet0/0/24','A-1F弱电间',''),(51,'A栋140号车位 车道11.89','FYKJ-XM-A8F-S-SW-001','172.22.254.81','GigabitEthernet0/0/1','A-2F弱电间',''),(52,'A栋156号车位 车道11.19','FYKJ-XM-A8F-S-SW-001','172.22.254.81','GigabitEthernet0/0/2','A-2F弱电间',''),(53,'A栋负二层生活 水泵房11.14','FYKJ-XM-A8F-S-SW-001','172.22.254.81','GigabitEthernet0/0/3','A-2F弱电间',''),(54,'A栋负二层楼梯口 11.12','FYKJ-XM-A8F-S-SW-001','172.22.254.81','GigabitEthernet0/0/4','A-2F弱电间',''),(55,'A栋负二层报警 阀间11.17','FYKJ-XM-A8F-S-SW-001','172.22.254.81','GigabitEthernet0/0/5','A-2F弱电间',''),(56,'A栋负二上负一车道11.90','FYKJ-XM-A8F-S-SW-001','172.22.254.81','GigabitEthernet0/0/6','A-2F弱电间',''),(57,'A栋177号车位 车道11.13','FYKJ-XM-A8F-S-SW-001','172.22.254.81','GigabitEthernet0/0/7','A-2F弱电间',''),(58,'物业车库11.26','FYKJ-XM-A8F-S-SW-001','172.22.254.81','GigabitEthernet0/0/8','A-2F弱电间',''),(59,'A栋188号车位 车道11.21','FYKJ-XM-A8F-S-SW-001','172.22.254.81','GigabitEthernet0/0/9','A-2F弱电间',''),(60,'A栋195号车位 车道11.18','FYKJ-XM-A8F-S-SW-001','172.22.254.81','GigabitEthernet0/0/10','A-2F弱电间',''),(61,'A栋负二层消防 水泵房11.23','FYKJ-XM-A8F-S-SW-001','172.22.254.81','GigabitEthernet0/0/11','A-2F弱电间',''),(62,'A栋146号车位 车道11.22','FYKJ-XM-A8F-S-SW-001','172.22.254.81','GigabitEthernet0/0/12','A-2F弱电间',''),(63,'A栋负二层消防泵 房外通道2/11.25','FYKJ-XM-A8F-S-SW-001','172.22.254.81','GigabitEthernet0/0/13','A-2F弱电间',''),(64,'A栋负二层水泵房 通道11.11','FYKJ-XM-A8F-S-SW-001','172.22.254.81','GigabitEthernet0/0/14','A-2F弱电间',''),(65,'A栋负二层 电梯厅2/11.24','FYKJ-XM-A8F-S-SW-001','172.22.254.81','GigabitEthernet0/0/15','A-2F弱电间',''),(66,'A栋负二层消防泵 房外通道1/11.20','FYKJ-XM-A8F-S-SW-001','172.22.254.81','GigabitEthernet0/0/16','A-2F弱电间',''),(67,'A栋负二层电梯 厅1/11.16','FYKJ-XM-A8F-S-SW-001','172.22.254.81','GigabitEthernet0/0/17','A-2F弱电间',''),(68,'A栋150号车位 车道11.15','FYKJ-XM-A8F-S-SW-001','172.22.254.81','GigabitEthernet0/0/18','A-2F弱电间',''),(69,'A栋负二层 弱电井11.68','FYKJ-XM-A8F-S-SW-001','172.22.254.81','GigabitEthernet0/0/19','A-2F弱电间',''),(70,'A栋负二层电梯 厅3/11.69','FYKJ-XM-A8F-S-SW-001','172.22.254.81','GigabitEthernet0/0/20','A-2F弱电间',''),(71,'A栋负二楼消防 通道11.164','FYKJ-XM-A8F-S-SW-001','172.22.254.81','GigabitEthernet0/0/22','A-2F弱电间',''),(72,'A-2F人脸门禁2/14.207','FYKJ-XM-A8F-S-SW-002','172.22.254.82','GigabitEthernet0/0/1','A-2F弱电间',''),(73,'A-2F人脸门禁1/14.206','FYKJ-XM-A8F-S-SW-002','172.22.254.82','GigabitEthernet0/0/2','A-2F弱电间',''),(74,'A-2F门禁控制器14.122','FYKJ-XM-A8F-S-SW-002','172.22.254.82','GigabitEthernet0/0/3','A-2F弱电间',''),(75,'A-2F门禁控制器14.123','FYKJ-XM-A8F-S-SW-002','172.22.254.82','GigabitEthernet0/0/4','A-2F弱电间',''),(76,'A-2F门禁控制器14.131','FYKJ-XM-A8F-S-SW-002','172.22.254.82','GigabitEthernet0/0/5','A-2F弱电间',''),(77,'配电房门禁 14.134','FYKJ-XM-A8F-S-SW-002','172.22.254.82','GigabitEthernet0/0/6','A-2F弱电间',''),(78,'FYKJ-XM-B1F-S-SW-003','FYKJ-XM-B1F-S-SW-003','172.22.254.15','GigabitEthernet0/0/1','B1F消控室',''),(79,'解码器100.63','FYKJ-XM-B1F-S-SW-003','172.22.254.15','GigabitEthernet0/0/2','B1F消控室',''),(80,'监控级联 POE小交换机（含76.77.78）三个监控','FYKJ-XM-B1F-S-SW-003','172.22.254.15','GigabitEthernet0/0/5','B1F消控室',''),(81,'UPS监测100.31','FYKJ-XM-B1F-S-SW-003','172.22.254.15','GigabitEthernet0/0/11','B1F消控室',''),(82,'IP广播 18.101','FYKJ-XM-B1F-S-SW-003','172.22.254.15','GigabitEthernet0/0/18','B1F消控室',''),(83,'消控室门禁控制器 14.132','FYKJ-XM-B1F-S-SW-003','172.22.254.15','GigabitEthernet0/0/21','B1F消控室',''),(84,'配电房门禁控制器 14.133','FYKJ-XM-B1F-S-SW-003','172.22.254.15','GigabitEthernet0/0/22','B1F消控室',''),(85,'BA管理电脑 19.106','FYKJ-XM-B1F-S-SW-003','172.22.254.15','GigabitEthernet0/0/24','B1F消控室',''),(86,'道闸西侧光纤收发器','FYKJ-XM-B1F-S-SW-003','172.22.254.15','GigabitEthernet0/0/25','B1F消控室',''),(87,'道闸东侧光纤收发器','FYKJ-XM-B1F-S-SW-003','172.22.254.15','GigabitEthernet0/0/26','B1F消控室',''),(88,'道闸服务器 15.200','FYKJ-XM-B1F-S-SW-003','172.22.254.15','GigabitEthernet0/0/27','B1F消控室',''),(89,'道闸管理 电脑15.201','FYKJ-XM-B1F-S-SW-003','172.22.254.15','GigabitEthernet0/0/29','B1F消控室',''),(90,'B栋1楼弱电井 11.152','FYKJ-XM-B1F-S-SW-001','172.22.254.13','GigabitEthernet0/0/1','B1F弱电间',''),(91,'B栋大堂便利店 11.145','FYKJ-XM-B1F-S-SW-001','172.22.254.13','GigabitEthernet0/0/2','B1F弱电间',''),(92,'B栋1楼大堂2 11.156','FYKJ-XM-B1F-S-SW-001','172.22.254.13','GigabitEthernet0/0/3','B1F弱电间',''),(93,'B栋1楼大堂1 11.158','FYKJ-XM-B1F-S-SW-001','172.22.254.13','GigabitEthernet0/0/4','B1F弱电间',''),(94,'B栋1楼电梯厅1 11.154','FYKJ-XM-B1F-S-SW-001','172.22.254.13','GigabitEthernet0/0/5','B1F弱电间',''),(95,'B栋1楼大堂3 11.155','FYKJ-XM-B1F-S-SW-001','172.22.254.13','GigabitEthernet0/0/6','B1F弱电间',''),(96,'B栋1楼电梯厅2 11.146','FYKJ-XM-B1F-S-SW-001','172.22.254.13','GigabitEthernet0/0/7','B1F弱电间',''),(97,'B栋1楼电梯厅消防楼梯口11.157','FYKJ-XM-B1F-S-SW-001','172.22.254.13','GigabitEthernet0/0/9','B1F弱电间',''),(98,'B栋1楼大堂5 11.153','FYKJ-XM-B1F-S-SW-001','172.22.254.13','GigabitEthernet0/0/10','B1F弱电间',''),(99,'B栋1楼大堂7 11.148','FYKJ-XM-B1F-S-SW-001','172.22.254.13','GigabitEthernet0/0/11','B1F弱电间',''),(100,'B栋大堂便利店外11.144','FYKJ-XM-B1F-S-SW-001','172.22.254.13','GigabitEthernet0/0/12','B1F弱电间',''),(101,'B栋1楼大堂6 11.149','FYKJ-XM-B1F-S-SW-001','172.22.254.13','GigabitEthernet0/0/13','B1F弱电间',''),(102,'B栋1楼货梯前室 11.151','FYKJ-XM-B1F-S-SW-001','172.22.254.13','GigabitEthernet0/0/14','B1F弱电间',''),(103,'B栋1楼大堂8 11.147','FYKJ-XM-B1F-S-SW-001','172.22.254.13','GigabitEthernet0/0/15','B1F弱电间',''),(104,'B栋1楼大堂4 11.150','FYKJ-XM-B1F-S-SW-001','172.22.254.13','GigabitEthernet0/0/16','B1F弱电间',''),(105,'中亭3 11.118','FYKJ-XM-B1F-S-SW-001','172.22.254.13','GigabitEthernet0/0/17','B1F弱电间',''),(106,'西边主入口 11.123','FYKJ-XM-B1F-S-SW-001','172.22.254.13','GigabitEthernet0/0/18','B1F弱电间',''),(107,'西边车道入口 11.119','FYKJ-XM-B1F-S-SW-001','172.22.254.13','GigabitEthernet0/0/20','B1F弱电间',''),(108,'B1F门禁1 14.121','FYKJ-XM-B1F-S-SW-002','172.22.254.14','GigabitEthernet0/0/1','B1F弱电间',''),(109,'B1F门禁2 14.110','FYKJ-XM-B1F-S-SW-002','172.22.254.14','GigabitEthernet0/0/2','B1F弱电间',''),(110,'B1F人脸门禁 14.139（暂无运行）','FYKJ-XM-B1F-S-SW-002','172.22.254.14','GigabitEthernet0/0/3','B1F弱电间',''),(111,'B1F门禁3 14.120','FYKJ-XM-B1F-S-SW-002','172.22.254.14','GigabitEthernet0/0/4','B1F弱电间',''),(112,'外围监控 箱子2（vlan 11）','FYKJ-XM-B1F-S-SW-002','172.22.254.14','GigabitEthernet0/0/5','B1F弱电间',''),(113,'外围监控 箱子1（vlan 11）','FYKJ-XM-B1F-S-SW-002','172.22.254.14','GigabitEthernet0/0/6','B1F弱电间',''),(114,'外围监控 箱子4（vlan 11）','FYKJ-XM-B1F-S-SW-002','172.22.254.14','GigabitEthernet0/0/7','B1F弱电间',''),(115,'外围监控 箱子3（vlan 11）','FYKJ-XM-B1F-S-SW-002','172.22.254.14','GigabitEthernet0/0/8','B1F弱电间',''),(116,'B栋3号电梯 （网桥）11.85','FYKJ-XM-B1F-S-SW-002','172.22.254.14','GigabitEthernet0/0/9','B1F弱电间',''),(117,'B栋2号电梯 （网桥）11.83','FYKJ-XM-B1F-S-SW-002','172.22.254.14','GigabitEthernet0/0/10','B1F弱电间',''),(118,'B栋1号电梯 （网桥）11.84','FYKJ-XM-B1F-S-SW-002','172.22.254.14','GigabitEthernet0/0/11','B1F弱电间',''),(119,'B栋4号电梯 （网桥）11.86','FYKJ-XM-B1F-S-SW-002','172.22.254.14','GigabitEthernet0/0/12','B1F弱电间',''),(120,'门禁控制器1 14.129','FYKJ-XM-B7F-S-SW-001','172.22.254.72','GigabitEthernet0/0/1','B-1F弱电间',''),(121,'门禁控制器2 14.128','FYKJ-XM-B7F-S-SW-001','172.22.254.72','GigabitEthernet0/0/2','B-1F弱电间',''),(122,'门禁控制器3 14.130','FYKJ-XM-B7F-S-SW-001','172.22.254.72','GigabitEthernet0/0/3','B-1F弱电间',''),(123,'BA主机19.102','FYKJ-XM-B7F-S-SW-001','172.22.254.72','GigabitEthernet0/0/4','B-1F弱电间',''),(124,'B栋104号车位 车道11.32','FYKJ-XM-B7F-S-SW-001','172.22.254.72','GigabitEthernet0/0/5','B-1F弱电间',''),(125,'B栋68号车位 车道11.33','FYKJ-XM-B7F-S-SW-001','172.22.254.72','GigabitEthernet0/0/6','B-1F弱电间',''),(126,'B栋112号车位 车道11.34','FYKJ-XM-B7F-S-SW-001','172.22.254.72','GigabitEthernet0/0/7','B-1F弱电间',''),(127,'B栋077号车位 车道11.35','FYKJ-XM-B7F-S-SW-001','172.22.254.72','GigabitEthernet0/0/8','B-1F弱电间',''),(128,'B栋093号车位 车道11.37','FYKJ-XM-B7F-S-SW-001','172.22.254.72','GigabitEthernet0/0/9','B-1F弱电间',''),(129,'B栋093号车位 车道11.36','FYKJ-XM-B7F-S-SW-001','172.22.254.72','GigabitEthernet0/0/10','B-1F弱电间',''),(130,'B栋负一层货梯 前厅11.39','FYKJ-XM-B7F-S-SW-001','172.22.254.72','GigabitEthernet0/0/11','B-1F弱电间',''),(131,'B栋负一层车道入口 通道1/11.38','FYKJ-XM-B7F-S-SW-001','172.22.254.72','GigabitEthernet0/0/12','B-1F弱电间',''),(132,'B栋负一层车道入口 通道11.41','FYKJ-XM-B7F-S-SW-001','172.22.254.72','GigabitEthernet0/0/13','B-1F弱电间',''),(133,'北边地库入口 11.40','FYKJ-XM-B7F-S-SW-001','172.22.254.72','GigabitEthernet0/0/14','B-1F弱电间',''),(134,'B栋负一下负二 车道11.43','FYKJ-XM-B7F-S-SW-001','172.22.254.72','GigabitEthernet0/0/15','B-1F弱电间',''),(135,'B栋负一层 电梯厅11.42','FYKJ-XM-B7F-S-SW-001','172.22.254.72','GigabitEthernet0/0/16','B-1F弱电间',''),(136,'B栋负一层 电梯厅2/11.44','FYKJ-XM-B7F-S-SW-001','172.22.254.72','GigabitEthernet0/0/17','B-1F弱电间',''),(137,'B栋132号车位 车道11.45','FYKJ-XM-B7F-S-SW-001','172.22.254.72','GigabitEthernet0/0/18','B-1F弱电间',''),(138,'B栋086号车位 车道11.46','FYKJ-XM-B7F-S-SW-001','172.22.254.72','GigabitEthernet0/0/19','B-1F弱电间',''),(139,'B栋负一层 电梯厅1/11.47','FYKJ-XM-B7F-S-SW-001','172.22.254.72','GigabitEthernet0/0/20','B-1F弱电间',''),(140,'B栋负一层 弱电井11.48','FYKJ-XM-B7F-S-SW-001','172.22.254.72','GigabitEthernet0/0/21','B-1F弱电间',''),(141,'三网通信机房 11.71','FYKJ-XM-B7F-S-SW-001','172.22.254.72','GigabitEthernet0/0/22','B-1F弱电间',''),(142,'发电机房11.162','FYKJ-XM-B7F-S-SW-001','172.22.254.72','GigabitEthernet0/0/23','B-1F弱电间',''),(143,'B栋071号车位 车道11.72','FYKJ-XM-B7F-S-SW-001','172.22.254.72','GigabitEthernet0/0/23','B-1F弱电间',''),(144,'负二层A栋与 B栋车道11.53','FYKJ-XM-B8F-S-SW-001','172.22.254.83','GigabitEthernet0/0/1','B-2F弱电间',''),(145,'负二层A栋与 B栋车道11.53','FYKJ-XM-B8F-S-SW-001','172.22.254.83','GigabitEthernet0/0/1','B-2F弱电间',''),(146,'B栋243号车位 车道11.52','FYKJ-XM-B8F-S-SW-001','172.22.254.83','GigabitEthernet0/0/2','B-2F弱电间',''),(147,'B栋负二层电梯 消防楼梯口11.49','FYKJ-XM-B8F-S-SW-001','172.22.254.83','GigabitEthernet0/0/3','B-2F弱电间',''),(148,'B栋231号车位 车道11.51','FYKJ-XM-B8F-S-SW-001','172.22.254.83','GigabitEthernet0/0/4','B-2F弱电间',''),(149,'B栋222号车位 车道11.57','FYKJ-XM-B8F-S-SW-001','172.22.254.83','GigabitEthernet0/0/5','B-2F弱电间',''),(150,'B栋负二层电梯 厅外11.56','FYKJ-XM-B8F-S-SW-001','172.22.254.83','GigabitEthernet0/0/6','B-2F弱电间',''),(151,'B栋负二层货梯 前厅11.58','FYKJ-XM-B8F-S-SW-001','172.22.254.83','GigabitEthernet0/0/7','B-2F弱电间',''),(152,'B栋负二层消防电梯 楼梯口11.59','FYKJ-XM-B8F-S-SW-001','172.22.254.83','GigabitEthernet0/0/8','B-2F弱电间',''),(153,'B栋275号车位 车道11.54','FYKJ-XM-B8F-S-SW-001','172.22.254.83','GigabitEthernet0/0/9','B-2F弱电间',''),(154,'B栋270号车位 车道11.61','FYKJ-XM-B8F-S-SW-001','172.22.254.83','GigabitEthernet0/0/10','B-2F弱电间',''),(155,'B栋259号车位 车道11.60','FYKJ-XM-B8F-S-SW-001','172.22.254.83','GigabitEthernet0/0/11','B-2F弱电间',''),(156,'B栋251号车位 车道11.88','FYKJ-XM-B8F-S-SW-001','172.22.254.83','GigabitEthernet0/0/12','B-2F弱电间',''),(157,'B栋负二上负一 车道11.87','FYKJ-XM-B8F-S-SW-001','172.22.254.83','GigabitEthernet0/0/13','B-2F弱电间',''),(158,'B栋220号车位 车道11.62','FYKJ-XM-B8F-S-SW-001','172.22.254.83','GigabitEthernet0/0/14','B-2F弱电间',''),(159,'B2人防通道 11.63','FYKJ-XM-B8F-S-SW-001','172.22.254.83','GigabitEthernet0/0/15','B-2F弱电间',''),(160,'B栋负二层电梯 厅1/11.64','FYKJ-XM-B8F-S-SW-001','172.22.254.83','GigabitEthernet0/0/16','B-2F弱电间',''),(161,'B栋负二层电梯 厅2/11.67','FYKJ-XM-B8F-S-SW-001','172.22.254.83','GigabitEthernet0/0/17','B-2F弱电间',''),(162,'B栋负二层弱电 井11.66','FYKJ-XM-B8F-S-SW-001','172.22.254.83','GigabitEthernet0/0/18','B-2F弱电间',''),(163,'B栋负二层电梯 前室外车道11.74','FYKJ-XM-B8F-S-SW-001','172.22.254.83','GigabitEthernet0/0/19','B-2F弱电间',''),(164,'B栋224号车位 车道11.55','FYKJ-XM-B8F-S-SW-001','172.22.254.83','GigabitEthernet0/0/20','B-2F弱电间',''),(165,'B栋负二层消防 楼梯口11.75','FYKJ-XM-B8F-S-SW-001','172.22.254.83','GigabitEthernet0/0/21','B-2F弱电间',''),(166,'B-2F门禁控制器1/14.127','FYKJ-XM-B8F-S-SW-002','172.22.254.84','GigabitEthernet0/0/1','B-2F弱电间',''),(167,'B-2F门禁控制器2/14.126','FYKJ-XM-B8F-S-SW-002','172.22.254.84','GigabitEthernet0/0/1','B-2F弱电间',''),(168,'A3F环廊靠健身房1/12.101','FYKJ-XM-A3F-S-SW-001','172.22.254.31','GigabitEthernet0/0/1','3F机房',''),(169,'A3F环廊靠电梯口12.102','FYKJ-XM-A3F-S-SW-001','172.22.254.31','GigabitEthernet0/0/2','3F机房',''),(170,'A3F行政区1 12.104','FYKJ-XM-A3F-S-SW-001','172.22.254.31','GigabitEthernet0/0/4','3F机房',''),(171,'A3F培训室2 /12.106','FYKJ-XM-A3F-S-SW-001','172.22.254.31','GigabitEthernet0/0/6','3F机房',''),(172,'A3F行政区2 12.107','FYKJ-XM-A3F-S-SW-001','172.22.254.31','GigabitEthernet0/0/7','3F机房',''),(173,'A3F-HR门口通道12.108','FYKJ-XM-A3F-S-SW-001','172.22.254.31','GigabitEthernet0/0/8','3F机房',''),(174,'A3F平台中1 12.109','FYKJ-XM-A3F-S-SW-001','172.22.254.31','GigabitEthernet0/0/9','3F机房',''),(175,'A3F培训室1 12.110','FYKJ-XM-A3F-S-SW-001','172.22.254.31','GigabitEthernet0/0/10','3F机房',''),(176,'A3F美术中1 12.111','FYKJ-XM-A3F-S-SW-001','172.22.254.31','GigabitEthernet0/0/11','3F机房',''),(177,'A3F环廊靠更衣室门口12.112','FYKJ-XM-A3F-S-SW-001','172.22.254.31','GigabitEthernet0/0/12','3F机房',''),(178,'A3F电梯1 12.113','FYKJ-XM-A3F-S-SW-001','172.22.254.31','GigabitEthernet0/0/13','3F机房',''),(179,'A3F环廊靠健身房2 12.114','FYKJ-XM-A3F-S-SW-001','172.22.254.31','GigabitEthernet0/0/14','3F机房',''),(180,'A3F健身房 12.115','FYKJ-XM-A3F-S-SW-001','172.22.254.31','GigabitEthernet0/0/15','3F机房',''),(181,'A3F瑜伽室 12.116','FYKJ-XM-A3F-S-SW-001','172.22.254.31','GigabitEthernet0/0/16','3F机房',''),(182,'A3F IT仓库 12.118','FYKJ-XM-A3F-S-SW-001','172.22.254.31','GigabitEthernet0/0/17','3F机房',''),(183,'A3F游戏室 12.117','FYKJ-XM-A3F-S-SW-001','172.22.254.31','GigabitEthernet0/0/18','3F机房',''),(184,'A3F平台中心2 12.119','FYKJ-XM-A3F-S-SW-001','172.22.254.31','GigabitEthernet0/0/19','3F机房',''),(185,'A3F办公区通道12.120','FYKJ-XM-A3F-S-SW-001','172.22.254.31','GigabitEthernet0/0/20','3F机房',''),(186,'A3F平台中心3 12.121','FYKJ-XM-A3F-S-SW-001','172.22.254.31','GigabitEthernet0/0/21','3F机房',''),(187,'A3F行政区3 12.122','FYKJ-XM-A3F-S-SW-001','172.22.254.31','GigabitEthernet0/0/22','3F机房',''),(188,'A3F环廊靠B栋1/12.105','FYKJ-XM-A3F-S-SW-001','172.22.254.31','GigabitEthernet0/0/23','3F机房',''),(189,'VPN-1200','FYKJ-XM-A3F-S-SW-001','172.22.254.31','GigabitEthernet0/0/24','3F机房',''),(190,'存储服务器1 100.61','FYKJ-XM-A3F-S-SW-002','172.22.254.32','GigabitEthernet0/0/1','3F机房',''),(191,'办公网D3-97','FYKJ-XM-A3F-S-SW-002','172.22.254.32','GigabitEthernet0/0/2','3F机房','HR办公室'),(192,'存储服务器2 100.64','FYKJ-XM-A3F-S-SW-002','172.22.254.32','GigabitEthernet0/0/3','3F机房',''),(193,'平台服务器 100.62','FYKJ-XM-A3F-S-SW-002','172.22.254.32','GigabitEthernet0/0/4','3F机房',''),(194,'A3F阳台1 12.125','FYKJ-XM-A3F-S-SW-002','172.22.254.32','GigabitEthernet0/0/5','3F机房',''),(195,'A3F环廊靠机房2/12.124','FYKJ-XM-A3F-S-SW-002','172.22.254.32','GigabitEthernet0/0/6','3F机房',''),(196,'A3F茶水间 12.126','FYKJ-XM-A3F-S-SW-002','172.22.254.32','GigabitEthernet0/0/7','3F机房',''),(197,'A3F阳台2 12.127','FYKJ-XM-A3F-S-SW-002','172.22.254.32','GigabitEthernet0/0/8','3F机房',''),(198,'A3F环廊靠露台1/12.128','FYKJ-XM-A3F-S-SW-002','172.22.254.32','GigabitEthernet0/0/9','3F机房',''),(199,'UPS监测100.32','FYKJ-XM-A3F-S-SW-002','172.22.254.32','GigabitEthernet0/0/10','3F机房',''),(200,'A3F环廊靠机房1 12.130','FYKJ-XM-A3F-S-SW-002','172.22.254.32','GigabitEthernet0/0/11','3F机房',''),(201,'A3F环廊靠露台3 12.131','FYKJ-XM-A3F-S-SW-002','172.22.254.32','GigabitEthernet0/0/12','3F机房',''),(202,'A3F环廊靠露台4 12.132','FYKJ-XM-A3F-S-SW-002','172.22.254.32','GigabitEthernet0/0/13','3F机房',''),(203,'A3F IT机房 12.123','FYKJ-XM-A3F-S-SW-002','172.22.254.32','GigabitEthernet0/0/14','3F机房',''),(204,'A3F电梯厅2 12.137','FYKJ-XM-A3F-S-SW-002','172.22.254.32','GigabitEthernet0/0/15','3F机房',''),(205,'A3F环廊靠露台2 12.135','FYKJ-XM-A3F-S-SW-002','172.22.254.32','GigabitEthernet0/0/16','3F机房',''),(206,'A3F环廊靠B栋12.103','FYKJ-XM-A3F-S-SW-002','172.22.254.32','GigabitEthernet0/0/17','3F机房',''),(207,'A3F阳台玻璃门 12.136','FYKJ-XM-A3F-S-SW-002','172.22.254.32','GigabitEthernet0/0/18','3F机房',''),(208,'A3F门禁3 14.108','FYKJ-XM-A3F-S-SW-002','172.22.254.32','GigabitEthernet0/0/19','3F机房',''),(209,'A3F门禁1 14.107','FYKJ-XM-A3F-S-SW-002','172.22.254.32','GigabitEthernet0/0/20','3F机房',''),(210,'A3F人脸门禁 14.203','FYKJ-XM-A3F-S-SW-002','172.22.254.32','GigabitEthernet0/0/21','3F机房',''),(211,'A3F门禁2 14.109','FYKJ-XM-A3F-S-SW-002','172.22.254.32','GigabitEthernet0/0/22','3F机房',''),(212,'A4F机房门口通道12.139','FYKJ-XM-A4F-S-SW-001','172.22.254.41','GigabitEthernet0/0/1','4F机房',''),(213,'A4F机房门口通道12.138','FYKJ-XM-A4F-S-SW-001','172.22.254.41','GigabitEthernet0/0/2','4F机房',''),(214,'A4F录音室12.141','FYKJ-XM-A4F-S-SW-001','172.22.254.41','GigabitEthernet0/0/3','4F机房',''),(215,'A4F小鱼苗区2 12.148','FYKJ-XM-A4F-S-SW-001','172.22.254.41','GigabitEthernet0/0/4','4F机房',''),(216,'A4F飞羽工作区1 12.143','FYKJ-XM-A4F-S-SW-001','172.22.254.41','GigabitEthernet0/0/5','4F机房',''),(217,'A4F小鱼苗区1 12.142','FYKJ-XM-A4F-S-SW-001','172.22.254.41','GigabitEthernet0/0/6','4F机房',''),(218,'A4F电梯厅1 12.145','FYKJ-XM-A4F-S-SW-001','172.22.254.41','GigabitEthernet0/0/7','4F机房',''),(219,'A4F翼豆工作区1 12.144','FYKJ-XM-A4F-S-SW-001','172.22.254.41','GigabitEthernet0/0/8','4F机房',''),(220,'A4F电梯厅2 12.147','FYKJ-XM-A4F-S-SW-001','172.22.254.41','GigabitEthernet0/0/9','4F机房',''),(221,'A4F茶水间  12.146','FYKJ-XM-A4F-S-SW-001','172.22.254.41','GigabitEthernet0/0/10','4F机房',''),(222,'A4F工作区通道2 12.150','FYKJ-XM-A4F-S-SW-001','172.22.254.41','GigabitEthernet0/0/11','4F机房',''),(223,'A4F阳台2   12.129','FYKJ-XM-A4F-S-SW-001','172.22.254.41','GigabitEthernet0/0/12','4F机房',''),(224,'A4F飞羽工作区2 12.151','FYKJ-XM-A4F-S-SW-001','172.22.254.41','GigabitEthernet0/0/13','4F机房',''),(225,'A4F客服部2 12.149','FYKJ-XM-A4F-S-SW-001','172.22.254.41','GigabitEthernet0/0/14','4F机房',''),(226,'A4F飞羽工作区5 12.157','FYKJ-XM-A4F-S-SW-001','172.22.254.41','GigabitEthernet0/0/15','4F机房',''),(227,'A4F飞羽工作区6 12.152','FYKJ-XM-A4F-S-SW-001','172.22.254.41','GigabitEthernet0/0/16','4F机房',''),(228,'A4F飞羽工作区4 12.155','FYKJ-XM-A4F-S-SW-001','172.22.254.41','GigabitEthernet0/0/17','4F机房',''),(229,'A4F飞羽工作区3 12.153','FYKJ-XM-A4F-S-SW-001','172.22.254.41','GigabitEthernet0/0/18','4F机房',''),(230,'A4F环廊靠电梯口12.156','FYKJ-XM-A4F-S-SW-001','172.22.254.41','GigabitEthernet0/0/19','4F机房',''),(231,'A4F阳台2  12.160','FYKJ-XM-A4F-S-SW-001','172.22.254.41','GigabitEthernet0/0/20','4F机房',''),(232,'A4F客服部  12.158','FYKJ-XM-A4F-S-SW-001','172.22.254.41','GigabitEthernet0/0/21','4F机房',''),(233,'A4F网络机房12.154','FYKJ-XM-A4F-S-SW-001','172.22.254.41','GigabitEthernet0/0/22','4F机房',''),(234,'A4F财务档案室12.159','FYKJ-XM-A4F-S-SW-001','172.22.254.41','GigabitEthernet0/0/23','4F机房',''),(235,'A4F翼豆工作区2/12.140','FYKJ-XM-A4F-S-SW-001','172.22.254.41','GigabitEthernet0/0/24','4F机房',''),(236,'4F门禁控制器1/14.104','FYKJ-XM-A4F-S-SW-002','172.22.254.42','GigabitEthernet0/0/1','4F机房',''),(237,'4F门禁控制器3/14.105','FYKJ-XM-A4F-S-SW-002','172.22.254.42','GigabitEthernet0/0/2','4F机房',''),(238,'4F门禁控制器2/14.106','FYKJ-XM-A4F-S-SW-002','172.22.254.42','GigabitEthernet0/0/3','4F机房',''),(239,'4F人脸门禁2 /14.202','FYKJ-XM-A4F-S-SW-002','172.22.254.42','GigabitEthernet0/0/4','4F机房',''),(240,'A5F电梯厅1/12.163','FYKJ-XM-A5F-S-SW-001','172.22.254.51','GigabitEthernet0/0/1','5F弱',''),(241,'A5F电梯厅1/12.163','FYKJ-XM-A5F-S-SW-001','172.22.254.51','GigabitEthernet0/0/1','5F弱电间',''),(242,'A5F503会议室/12.164','FYKJ-XM-A5F-S-SW-001','172.22.254.51','GigabitEthernet0/0/2','5F弱电间',''),(243,'A5F逍遥工作区2/12.165','FYKJ-XM-A5F-S-SW-001','172.22.254.51','GigabitEthernet0/0/3','5F弱电间',''),(244,'A5F茶水间2/12.166','FYKJ-XM-A5F-S-SW-001','172.22.254.51','GigabitEthernet0/0/4','5F弱电间',''),(245,'A5F财务室外通道1/12.165','FYKJ-XM-A5F-S-SW-001','172.22.254.51','GigabitEthernet0/0/5','5F弱电间',''),(246,'A5F茶水间1/12.1168','FYKJ-XM-A5F-S-SW-001','172.22.254.51','GigabitEthernet0/0/6','5F弱电间',''),(247,'A5F财务档案室/12.169','FYKJ-XM-A5F-S-SW-001','172.22.254.51','GigabitEthernet0/0/7','5F弱电间',''),(248,'A栋6楼屋面西入口/12.181','FYKJ-XM-A5F-S-SW-001','172.22.254.51','GigabitEthernet0/0/8','5F弱电间',''),(249,'A5F财务室/12.172','FYKJ-XM-A5F-S-SW-001','172.22.254.51','GigabitEthernet0/0/10','5F弱电间',''),(250,'A5F法务室/12.173','FYKJ-XM-A5F-S-SW-001','172.22.254.51','GigabitEthernet0/0/11','5F弱电间',''),(251,'A5F工作区通道/12.174','FYKJ-XM-A5F-S-SW-001','172.22.254.51','GigabitEthernet0/0/12','5F弱电间',''),(252,'A5F财务室外通道2/12.175','FYKJ-XM-A5F-S-SW-001','172.22.254.51','GigabitEthernet0/0/13','5F弱电间',''),(253,'A5F自在工作区/12.176','FYKJ-XM-A5F-S-SW-001','172.22.254.51','GigabitEthernet0/0/14','5F弱电间',''),(254,'A5F阳台12/12.177','FYKJ-XM-A5F-S-SW-001','172.22.254.51','GigabitEthernet0/0/15','5F弱电间',''),(255,'A5F电梯厅2/12.178','FYKJ-XM-A5F-S-SW-001','172.22.254.51','GigabitEthernet0/0/16','5F弱电间',''),(256,'A5F阳台3/12.161','FYKJ-XM-A5F-S-SW-001','172.22.254.51','GigabitEthernet0/0/17','5F弱电间',''),(257,'A5F阳台4/12.171','FYKJ-XM-A5F-S-SW-001','172.22.254.51','GigabitEthernet0/0/18','5F弱电间',''),(258,'A5F阳台2/12.179','FYKJ-XM-A5F-S-SW-001','172.22.254.51','GigabitEthernet0/0/19','5F弱电间',''),(259,'A5F逍遥工作区12/12.170','FYKJ-XM-A5F-S-SW-001','172.22.254.51','GigabitEthernet0/0/20','5F弱电间',''),(260,'A栋6号电梯（网桥）/12.180','FYKJ-XM-A5F-S-SW-001','172.22.254.51','GigabitEthernet0/0/21','5F弱电间',''),(261,'A栋5号电梯（网桥）/12.182','FYKJ-XM-A5F-S-SW-001','172.22.254.51','GigabitEthernet0/0/22','5F弱电间',''),(262,'A栋5楼弱电井2/12.162','FYKJ-XM-A5F-S-SW-001','172.22.254.51','GigabitEthernet0/0/23','5F弱电间',''),(263,'A栋6楼电梯前室2/12.183','FYKJ-XM-A5F-S-SW-001','172.22.254.51','GigabitEthernet0/0/24','5F弱电间',''),(264,'A5F门禁控制器3/14.102','FYKJ-XM-A5F-S-SW-002','172.22.254.52','GigabitEthernet0/0/1','5F弱电间',''),(265,'A5F门禁控制器1/14.101','FYKJ-XM-A5F-S-SW-002','172.22.254.52','GigabitEthernet0/0/2','5F弱电间',''),(266,'A5F人脸门禁/14.201','FYKJ-XM-A5F-S-SW-002','172.22.254.52','GigabitEthernet0/0/3','5F弱电间',''),(267,'A5F门禁控制器2/14.103','FYKJ-XM-A5F-S-SW-002','172.22.254.52','GigabitEthernet0/0/4','5F弱电间',''),(268,'网桥级联B栋12层屋面（网桥安装在玻璃外墙对射到A栋6楼）','FYKJ-XM-A5F-S-SW-002','172.22.254.52','GigabitEthernet0/0/48','5F弱电间','');
/*!40000 ALTER TABLE `info_smartnetworkinfo` ENABLE KEYS */;
UNLOCK TABLES;

--
-- Table structure for table `info_systemlogin`
--

DROP TABLE IF EXISTS `info_systemlogin`;
/*!40101 SET @saved_cs_client     = @@character_set_client */;
/*!50503 SET character_set_client = utf8mb4 */;
CREATE TABLE `info_systemlogin` (
  `id` bigint NOT NULL AUTO_INCREMENT,
  `type` varchar(120) NOT NULL,
  `name` varchar(120) NOT NULL,
  `address` varchar(120) NOT NULL,
  `image` varchar(100) DEFAULT NULL,
  PRIMARY KEY (`id`)
) ENGINE=InnoDB AUTO_INCREMENT=16 DEFAULT CHARSET=utf8;
/*!40101 SET character_set_client = @saved_cs_client */;

--
-- Dumping data for table `info_systemlogin`
--

LOCK TABLES `info_systemlogin` WRITE;
/*!40000 ALTER TABLE `info_systemlogin` DISABLE KEYS */;
INSERT INTO `info_systemlogin` VALUES (1,'硬件','核心交换机','https://192.168.254.1:35614/',NULL),(2,'硬件','SSL VPN','https://192.168.9.19:4430/',NULL),(3,'硬件','上网行为管理','https://192.168.254.3/',NULL),(4,'硬件','发行NAS','https://192.168.10.100:5001/',NULL),(5,'硬件','飞鱼NAS','https://nas.fysrv.com:5001/',NULL),(6,'系统','电脑管家小团队版','https://team.qq.com/w/adminLogin#/','system_login/腾讯电脑管家.jpg'),(7,'系统','IT资产管理系统','http://zc.qyy.com/',NULL),(8,'系统','保垒机Jumpserver','http://jumpserver-it.qyy.com/core/auth/login/',NULL),(9,'系统','飞鱼DNS','http://10.250.0.128/',NULL),(10,'系统','日志系统','http://192.168.10.251:5601/app/kibana',NULL),(11,'系统','confluence文档系统','https://doc.feiyu.com/',NULL),(12,'系统','Prometheus监控系统','http://192.168.10.219:9090/',NULL),(13,'系统','Unity管理后台','https://id.unity.com/',''),(14,'系统','Adobe管理后台','https://adminconsole.adobe.com/',''),(15,'系统','Autodesk管理后台','https://manage.autodesk.com/home/','');
/*!40000 ALTER TABLE `info_systemlogin` ENABLE KEYS */;
UNLOCK TABLES;

--
-- Table structure for table `info_wifiinfo`
--

DROP TABLE IF EXISTS `info_wifiinfo`;
/*!40101 SET @saved_cs_client     = @@character_set_client */;
/*!50503 SET character_set_client = utf8mb4 */;
CREATE TABLE `info_wifiinfo` (
  `id` bigint NOT NULL AUTO_INCREMENT,
  `department` varchar(200) NOT NULL,
  `ssid` varchar(100) NOT NULL,
  `password` varchar(100) DEFAULT NULL,
  `security_type` varchar(20) NOT NULL,
  `public_ip` char(39) DEFAULT NULL,
  `remarks` varchar(200) DEFAULT NULL,
  PRIMARY KEY (`id`)
) ENGINE=InnoDB AUTO_INCREMENT=17 DEFAULT CHARSET=utf8;
/*!40101 SET character_set_client = @saved_cs_client */;

--
-- Dumping data for table `info_wifiinfo`
--

LOCK TABLES `info_wifiinfo` WRITE;
/*!40000 ALTER TABLE `info_wifiinfo` DISABLE KEYS */;
INSERT INTO `info_wifiinfo` VALUES (1,'逍遥自在工作室','Feiyu-XiaoyaoZizai','Fy!@#Game1688','WPA-WPA2','218.85.126.226',NULL),(2,'飞羽工作室','Feiyu-SXD','Fykj@SXD1022','WPA-WPA2','222.76.240.186',NULL),(3,'飞羽工作室','Feiyu-SXD3','Sxd3#Nonstop8888','WPA-WPA2','218.85.126.227',NULL),(4,'飞羽 小游戏2组','Feiyu-MiniGame','Fy@MGame8888','WPA-WPA2','222.76.240.178',NULL),(5,'声音工作室','Feiyu-SoundStudio','FySStu!@#8888','WPA-WPA2',NULL,'拨号线路'),(6,'Mongoose工作室','Feiyu-Mongoose','Fygame#Mong1688','WPA-WPA2','218.85.126.227',NULL),(7,'平台中心','Feiyu-PTCenter','FyGame@Tech1688','WPA-WPA2','222.76.240.202',NULL),(8,'客服部','Feiyu-CS','Fycs@Kefu6688','WPA-WPA2','218.85.126.226',NULL),(9,'财务部','Feiyu-Fina','Feiyu@CW16888','WPA-WPA2','218.85.126.227',NULL),(10,'公共办公','Feiyu-Office','Fytech@Game8888','WPA-WPA2','218.85.126.227',NULL),(11,'内部访客','Feiyu-Guest','$FeiyuWorld$1022','WPA-WPA2',NULL,'拨号线路'),(12,'微沃幻喵','Feiyu-HuanMiao','HuanMiao@1024','WPA-WPA2','218.85.126.227',NULL),(13,'平台中心-测试1','Feiyu-PTTest','FyGame@yltest1698','WPA-WPA2','222.76.240.181',NULL),(14,'平台中心-测试2','Feiyu-PTTest2','YouliTest@8888','WPA-WPA2','222.76.240.180',NULL),(15,'外部来宾','FEIYU-Visitor','无','open',NULL,'短信认证'),(16,'飞羽 小游戏2组','BBB','Feiyu@1022','WPA2-PSK',NULL,'弱网测试');
/*!40000 ALTER TABLE `info_wifiinfo` ENABLE KEYS */;
UNLOCK TABLES;
/*!40103 SET TIME_ZONE=@OLD_TIME_ZONE */;

/*!40101 SET SQL_MODE=@OLD_SQL_MODE */;
/*!40014 SET FOREIGN_KEY_CHECKS=@OLD_FOREIGN_KEY_CHECKS */;
/*!40014 SET UNIQUE_CHECKS=@OLD_UNIQUE_CHECKS */;
/*!40101 SET CHARACTER_SET_CLIENT=@OLD_CHARACTER_SET_CLIENT */;
/*!40101 SET CHARACTER_SET_RESULTS=@OLD_CHARACTER_SET_RESULTS */;
/*!40101 SET COLLATION_CONNECTION=@OLD_COLLATION_CONNECTION */;
/*!40111 SET SQL_NOTES=@OLD_SQL_NOTES */;

-- Dump completed on 2024-10-10 15:50:18
